author,video_count,median_engagement_rate,median_views,max_views,median_efficiency,author_verified,confidence,already_large_reach,segment,promising_score
reus.fx,2,0.4007381243457061,232950.0,340500,2.169431203588504e-06,False,medium,False,Rising,0.3205904994765649
salamander.5,2,0.31868937574388323,46000.0,72700,1.1244964805636946e-05,False,medium,False,Rising,0.2549515005951066
sicrosub,2,0.3135652429731659,204400.0,222000,1.549097925406327e-06,False,medium,False,Rising,0.25085219437853273
bundaddy,5,0.23045045045045046,99900.0,151900,2.306811315820325e-06,False,high,False,Rising,0.23045045045045046
zoe.eventing,2,0.28107178932178933,97650.0,126000,3.1967429916564116e-06,False,medium,False,Rising,0.22485743145743148
xaaku,3,0.21227071005917159,143700.0,540800,1.6546011102345845e-06,False,high,False,Rising,0.21227071005917159
anwarali0125,1,0.4973488865323436,943.0,943,0.0005274113324839274,False,low,False,Rising,0.19893955461293744
erinwilliams_1,3,0.19420388349514564,309000.0,1200000,6.284915323467496e-07,False,high,False,Rising,0.19420388349514564
chris_wells_,3,0.19247116968698516,64400.0,101800,3.1708594676603816e-06,False,high,False,Rising,0.19247116968698516
l3fty_fr3ak,1,0.4787160940325497,55300.0,55300,8.656710561167265e-06,False,low,False,Rising,0.1914864376130199
liamkratos,3,0.18416201117318437,62100.0,66900,3.329521497973504e-06,False,high,False,Rising,0.18416201117318437
bf_of_an_equestrian,2,0.22228742401042118,270150.0,434600,1.3567624508585969e-06,False,medium,False,Rising,0.17782993920833695
annie.dess,2,0.21332209790209788,721500.0,1300000,8.526481294928848e-07,False,medium,False,Rising,0.17065767832167833
fetishold,2,0.20883021574449123,63950.0,73700,3.432781895717762e-06,False,medium,False,Rising,0.167064172595593
papaswolio,4,0.16699495407424503,266600.0,349800,6.204903908640781e-07,False,high,False,Rising,0.16699495407424503
cainguzman,4,0.23846572349694387,739300.0,1000000,3.58416128241601e-07,True,high,False,Proven,0.1669260064478607
yuki__no__hana,2,0.19888199071935958,205450.0,345000,1.8807200187629412e-06,False,medium,False,Rising,0.15910559257548768
zackohardin,1,0.37225763612217794,75300.0,75300,4.943660506270623e-06,False,low,False,Rising,0.14890305444887117
jadeanna_,3,0.14723756019261638,598200.0,623000,2.3633637270082887e-07,False,high,False,Rising,0.14723756019261638
maxzg7,3,0.14541401273885352,188400.0,230700,7.431632755250647e-07,False,high,False,Rising,0.14541401273885352
ahmad_stars_1,1,0.35944444444444446,18000.0,18000,1.9969135802469135e-05,False,low,False,Rising,0.14377777777777778
cinsubun_10,1,0.35464088397790056,18100.0,18100,1.95934190043039e-05,False,low,False,Rising,0.14185635359116022
jesus_reina.oficial,1,0.3515015015015015,66600.0,66600,5.2778003228453675e-06,False,low,False,Rising,0.14060060060060062
kim.sahar,1,0.34955777460770326,70100.0,70100,4.986558838911601e-06,False,low,False,Rising,0.1398231098430813
cesarshow2,2,0.1745583593516103,85550.0,103000,2.1235811535093336e-06,False,medium,False,Rising,0.13964668748128825
iamsarkis,2,0.17142890569054242,192350.0,223500,9.417955939833703e-07,False,medium,False,Rising,0.13714312455243394
manoulucia,3,0.13571641791044775,67000.0,89900,2.0256181777678768e-06,False,high,False,Rising,0.13571641791044775
ryan_fudge_1012,1,0.3358197821870804,6703.0,6703,5.009992274907958e-05,False,low,False,Rising,0.13432791287483217
big_shouse,2,0.16772825787778853,124250.0,184200,1.9059741408461667e-06,False,medium,False,Rising,0.13418260630223083
ace_equestrian,1,0.32759036144578313,132800.0,132800,2.4667948904049933e-06,False,low,False,Rising,0.13103614457831325
alexjfish27,2,0.16315257206561554,71450.0,80500,2.4069323435611685e-06,False,medium,False,Rising,0.13052205765249245
chelseamelody,2,0.16218997563514437,180350.0,260800,1.1802993258441174e-06,False,medium,False,Rising,0.1297519805081155
jonbezrouch,2,0.16144916373239437,60400.0,64000,2.689689419804478e-06,False,medium,False,Rising,0.1291593309859155
crazyedits2412,1,0.3224385510996119,154600.0,154600,2.0856309902950317e-06,False,low,False,Rising,0.12897542043984475
zohaib_ali05,1,0.3193449334698055,977.0,977,0.00032686277734882857,False,low,False,Rising,0.12773797338792223
immaculatebae,1,0.31747252747252747,254800.0,254800,1.2459675332516777e-06,False,low,False,Rising,0.126989010989011
fananime407,1,0.3133498759305211,40300.0,40300,7.77543116452906e-06,False,low,False,Rising,0.12533995037220844
plantain._man,2,0.15628894493496642,357200.0,611100,6.134150082388371e-07,False,medium,False,Rising,0.12503115594797315
jesungiya,1,0.3067990909090909,1100000.0,1100000,2.789082644628099e-07,False,low,False,Rising,0.12271963636363636
susi.vidal,2,0.15328687954229164,118200.0,178400,1.7038443563280638e-06,False,medium,False,Rising,0.12262950363383332
8bitrainbow,1,0.3055791962174941,42300.0,42300,7.224094473226811e-06,False,low,False,Rising,0.12223167848699763
rubiixartxo,1,0.3044296788482835,90300.0,90300,3.37131427295995e-06,False,low,False,Rising,0.1217718715393134
_do_nya_,2,0.15218895791897932,176751.5,346600,1.4949659439251703e-05,False,medium,False,Rising,0.12175116633518346
lawliet18x,1,0.3019789593403469,351700.0,351700,8.58626554848868e-07,False,low,False,Rising,0.12079158373613877
irmaknol1,2,0.14916755224938008,222700.0,376400,1.382634407270784e-06,False,medium,False,Rising,0.11933404179950408
sotokun_yt,1,0.2980535966149506,70900.0,70900,4.203858908532448e-06,False,low,False,Rising,0.11922143864598025
animekiing,2,0.14891477860118973,76950.0,90200,1.9566643159493995e-06,False,medium,False,Rising,0.1191318228809518
macsmisadventures,1,0.2975288092189501,78100.0,78100,3.8095878261069155e-06,False,low,False,Rising,0.11901152368758004
corpse_clipz,1,0.29703307553068947,607700.0,607700,4.887824181844487e-07,False,low,False,Rising,0.1188132302122758
elirose.equestrian,2,0.14740025386437136,133050.0,201400,1.4840634533005605e-06,False,medium,False,Rising,0.11792020309149709
_itsnate,3,0.16759776536312848,379400.0,821200,4.000226198511703e-07,True,high,False,Proven,0.11731843575418993
milkteaedits_,1,0.2929199475065617,152400.0,152400,1.922046899649355e-06,False,low,False,Rising,0.11716797900262468
sxck.aesxthetics,1,0.2923193333333333,1500000.0,1500000,1.9487955555555555e-07,False,low,False,Rising,0.11692773333333334
kevinuramavfx,1,0.2879016393442623,30500.0,30500,9.439398011287288e-06,False,low,False,Rising,0.11516065573770491
faheemsajjad07,3,0.1145578231292517,12800.0,132300,9.77783203125e-06,False,high,False,Rising,0.1145578231292517
blwckmoon,1,0.2836086701816052,170700.0,170700,1.661445050858847e-06,False,low,False,Rising,0.11344346807264208
pedrosousa751,1,0.28055970149253734,26800.0,26800,1.046864557807975e-05,False,low,False,Rising,0.11222388059701494
creatingherself,1,0.2801185770750988,75900.0,75900,3.690626838934108e-06,False,low,False,Rising,0.11204743083003953
x.mattharnacke.x,1,0.28005607476635513,53500.0,53500,5.234692986287012e-06,False,low,False,Rising,0.11202242990654206
sant2307,1,0.2793691899070385,301200.0,301200,9.27520550820181e-07,False,low,False,Rising,0.11174767596281542
reyvoices,1,0.27926553672316384,123900.0,123900,2.253959134165971e-06,False,low,False,Rising,0.11170621468926555
caitlinjs,2,0.1387613150547485,46550.0,64800,3.4259686949772533e-06,False,medium,False,Rising,0.11100905204379881
riovacci,9,0.11069333333333334,762500.0,2000000,7.379555555555556e-08,False,high,False,Rising,0.11069333333333334
kylethomas,4,0.15609206418581417,1050000.0,1800000,1.4044573966942149e-07,True,high,False,Proven,0.10926444493006991
kadds.pov,2,0.1365330510593472,70150.0,76600,1.898604150416733e-06,False,medium,False,Rising,0.10922644084747778
timmytimmadome,28,0.10915491182813888,84250.0,209700,1.1562044221410943e-06,False,high,False,Rising,0.10915491182813888
shingod420,1,0.2711034482758621,29000.0,29000,9.348394768133175e-06,False,low,False,Rising,0.10844137931034484
colleentalks,1,0.2710378912685338,60700.0,60700,4.46520413951456e-06,False,low,False,Rising,0.10841515650741351
larsspeters,2,0.135393942600745,311300.0,590600,1.9675578153161953e-06,False,medium,False,Rising,0.108315154080596
sasha.editsx,1,0.27078470824949696,99400.0,99400,2.724192235910432e-06,False,low,False,Rising,0.1083138832997988
zopepijn,5,0.10716514954486346,66100.0,360800,1.5317185697808534e-06,False,high,False,Rising,0.10716514954486346
riggzie_smalls,2,0.13192490272373542,63900.0,102800,5.0552539175460645e-06,False,medium,False,Rising,0.10553992217898833
applepi.owo,1,0.25962216624685136,198500.0,198500,1.307920232981619e-06,False,low,False,Rising,0.10384886649874055
notetaking.aesthetic,1,0.25722408026755855,478400.0,478400,5.376757530676392e-07,False,low,False,Rising,0.10288963210702343
minamicheal78,1,0.2557878315132605,64100.0,64100,3.990449789598448e-06,False,low,False,Rising,0.10231513260530421
sumeyyecopoglu,1,0.25302333446060193,295700.0,295700,8.55675801354758e-07,False,low,False,Rising,0.10120933378424078
ayadoo79,2,0.12610345353077804,16521.5,23200,1.035584721076723e-05,False,medium,False,Rising,0.10088276282462244
the_volleyball_community,2,0.1252400684270707,1499950.0,2800000,3.3735828856279805e-07,False,medium,False,Rising,0.10019205474165656
piki__edits,1,0.2496629213483146,62300.0,62300,4.007430519234584e-06,False,low,False,Rising,0.09986516853932585
by.shahori,1,0.24747967479674796,49200.0,49200,5.030074690990812e-06,False,low,False,Rising,0.09899186991869918
potofrio21,1,0.24726315789473685,47500.0,47500,5.205540166204986e-06,False,low,False,Rising,0.09890526315789475
homemdeferro37,1,0.244798083504449,146100.0,146100,1.675551564027714e-06,False,low,False,Rising,0.0979192334017796
kiricallaghan,1,0.24235159817351598,87600.0,87600,2.7665707554054334e-06,False,low,False,Rising,0.0969406392694064
_itsmaxineofficial_,1,0.24031927023945268,87700.0,87700,2.7402425340872596e-06,False,low,False,Rising,0.09612770809578108
krotik26,2,0.11996273109562054,9699.5,12800,1.4255912597125783e-05,False,medium,False,Rising,0.09597018487649644
hklein99,1,0.23888682745825604,53900.0,53900,4.432037615181002e-06,False,low,False,Rising,0.09555473098330242
farmer.ralph,2,0.11861858480502549,109500.0,147500,1.2922100341164472e-06,False,medium,False,Rising,0.0948948678440204
benjamin_robert_graham,12,0.09382725937022846,33250.0,66800,2.282942338955486e-06,False,high,False,Rising,0.09382725937022846
mugiwara815,1,0.23189497716894977,87600.0,87600,2.6472029357186045e-06,False,low,False,Rising,0.09275799086757991
weeaboba10,1,0.23151744657830672,369700.0,369700,6.262305831168697e-07,False,low,False,Rising,0.0926069786313227
podi8596dila,1,0.2309090909090909,11000.0,11000,2.099173553719008e-05,False,low,False,Rising,0.09236363636363637
mo.rab,6,0.09197727272727273,43200.0,124000,1.8618375695804995e-06,False,high,False,Rising,0.09197727272727273
dopesnowco,2,0.11447168165071109,120850.0,183300,1.1865144959398162e-06,False,medium,False,Rising,0.09157734532056888
dianavhdn,2,0.11445964845740836,9495.0,11900,1.4455070156880737e-05,False,medium,False,Rising,0.09156771876592669
makott0,1,0.22793103448275862,49300.0,49300,4.623347555431209e-06,False,low,False,Rising,0.09117241379310345
funniest.f1.moments,7,0.09114922813036021,103600.0,530900,1.0634632673166058e-06,False,high,False,Rising,0.09114922813036021
my_procreationsss,1,0.22758907363420428,84200.0,84200,2.7029581191710723e-06,False,low,False,Rising,0.09103562945368171
mckinley.braun,1,0.2254306632213609,232200.0,232200,9.708469561643449e-07,False,low,False,Rising,0.09017226528854437
kenzi_campbell,1,0.22525547445255475,27400.0,27400,8.221002717246524e-06,False,low,False,Rising,0.09010218978102191
luukwatdenkenjij2.0,2,0.11122010695187165,570400.0,1100000,1.102404144623333e-06,False,medium,False,Rising,0.08897608556149733
buutterrr,1,0.22218006430868167,155500.0,155500,1.4288107029497213e-06,False,low,False,Rising,0.08887202572347268
_kehew_,1,0.2186906517251548,339100.0,339100,6.449149269394126e-07,False,low,False,Rising,0.08747626069006192
kwavyy_,1,0.21735294117647058,139400.0,139400,1.5592033082960587e-06,False,low,False,Rising,0.08694117647058824
animexo,1,0.21511904761904763,100800.0,100800,2.1341175359032503e-06,False,low,False,Rising,0.08604761904761905
simpnationluis,1,0.211194,1500000.0,1500000,1.4079599999999999e-07,False,low,False,Rising,0.0844776
the.nick.pro,1,0.2108231707317073,32800.0,32800,6.427535693039857e-06,False,low,False,Rising,0.08432926829268293
chqrlxstarr,1,0.2089653035935564,161400.0,161400,1.2947044832314523e-06,False,low,False,Rising,0.08358612143742256
westonsgarland,3,0.08238699847638395,123500.0,393800,4.3042829746430856e-07,False,high,False,Other,0.08238699847638395
lakmal143,1,0.2051008064516129,49600.0,49600,4.1350969042663895e-06,False,low,False,Rising,0.08204032258064517
n.ieke,1,0.2044925,1200000.0,1200000,1.7041041666666665e-07,False,low,False,Rising,0.08179700000000001
ziyadhodzic,1,0.20166666666666666,54000.0,54000,3.7345679012345677e-06,False,low,False,Rising,0.08066666666666666
munaseer3,1,0.199441398572463,9667.0,9667,2.0631157398620358e-05,False,low,False,Rising,0.0797765594289852
madduxplatt_t,1,0.19849056603773585,79500.0,79500,2.496736679719948e-06,False,low,False,Rising,0.07939622641509435
angel_waifu,1,0.19793768545994064,202200.0,202200,9.789203039561851e-07,False,low,False,Rising,0.07917507418397626
chloexsnowballx,1,0.1976578786020846,163100.0,163100,1.211881536493468e-06,False,low,False,Rising,0.07906315144083385
.danielsan.1,1,0.1900133155792277,75100.0,75100,2.530137357912486e-06,False,low,False,Rising,0.0760053262316911
sakuraflor,1,0.27114406779661016,47200.0,47200,5.7445777075553e-06,True,low,False,Proven,0.07592033898305084
venturadriana1,1,0.18873239436619718,71000.0,71000,2.658202737552073e-06,False,low,False,Rising,0.07549295774647888
lalisalopes,1,0.18835456475583864,94200.0,94200,1.999517672567289e-06,False,low,False,Rising,0.07534182590233546
r__o__w__d__y_,1,0.18764705882352942,11900.0,11900,1.5768660405338605e-05,False,low,False,Rising,0.07505882352941178
alysantana.tk,1,0.1862809917355372,12100.0,12100,1.5395123283928694e-05,False,low,False,Rising,0.07451239669421487
_thatblockhead,2,0.09213926605504588,52250.0,54500,1.7715791936705665e-06,False,medium,False,Rising,0.0737114128440367
rizwandurrani57,3,0.0736172672962035,5189.0,1900000,1.4187178126075064e-05,False,high,False,Other,0.0736172672962035
petyyyyyy,1,0.18258083333333333,1200000.0,1200000,1.5215069444444443e-07,False,low,False,Rising,0.07303233333333334
lizandraquel,1,0.18251908396946565,52400.0,52400,3.4831886253714816e-06,False,low,False,Rising,0.07300763358778627
onexpunchxdad,2,0.09095542720139495,161000.0,248000,9.636904729102643e-07,False,medium,False,Rising,0.07276434176111596
captain_morgan16,1,0.18094817432273264,6792.0,6792,2.6641368422074886e-05,False,low,False,Rising,0.07237926972909306
sankasandaruwan32,1,0.18086323452938116,9615.0,9615,1.881052881220813e-05,False,low,False,Rising,0.07234529381175246
un.simple_chico,1,0.1807072691552063,50900.0,50900,3.550241044306607e-06,False,low,False,Rising,0.07228290766208252
vniz_edits,1,0.17825049701789264,50300.0,50300,3.543747455624108e-06,False,low,False,Rising,0.07130019880715706
suzanenfreek,2,0.12727610482371393,231050.0,312600,6.37982612954639e-07,True,medium,False,Proven,0.07127461870127981
amen_716,1,0.17812280701754385,57000.0,57000,3.1249615266235765e-06,False,low,False,Rising,0.07124912280701755
nichking04,1,0.1774111111111111,90000.0,90000,1.9712345679012346e-06,False,low,False,Rising,0.07096444444444444
jufjoyce,1,0.17594827586206896,34800.0,34800,5.0559849385652e-06,False,low,False,Rising,0.07037931034482758
microsoftword2,1,0.17391454545454546,1100000.0,1100000,1.5810413223140495e-07,False,low,False,Rising,0.06956581818181819
daniii158,2,0.08662714662208115,37650.0,40100,2.276995112108019e-06,False,medium,False,Other,0.06930171729766492
danielryjov,1,0.17281903068030235,224900.0,224900,7.684261035140167e-07,False,low,False,Rising,0.06912761227212094
ksaeviore,1,0.1724550898203593,50100.0,50100,3.442217361683818e-06,False,low,False,Rising,0.06898203592814371
demireuvers,1,0.17211296016137165,198300.0,198300,8.679423104456462e-07,False,low,False,Rising,0.06884518406454866
emin.skenderovic,1,0.17134665965281431,190100.0,190100,9.013501296833998e-07,False,low,False,Rising,0.06853866386112573
gymclock,1,0.16787878787878788,75900.0,75900,2.211841737533437e-06,False,low,False,Rising,0.06715151515151516
_abbygray_,1,0.16753515914137676,135100.0,135100,1.2400825991219597e-06,False,low,False,Rising,0.0670140636565507
id_bullseye,1,0.16476190476190475,25200.0,25200,6.538170823885109e-06,False,low,False,Rising,0.0659047619047619
detroitnomad,1,0.16456983240223463,89500.0,89500,1.8387690771199401e-06,False,low,False,Rising,0.06582793296089386
roykevdh,3,0.06551552795031056,81000.0,252600,8.138574900659697e-07,False,high,False,Other,0.06551552795031056
choco_imaad_,1,0.16352059925093632,53400.0,53400,3.062183506571841e-06,False,low,False,Rising,0.06540823970037453
harpistkt,1,0.16322654462242564,43700.0,43700,3.7351612041745e-06,False,low,False,Rising,0.06529061784897026
ish_perera,1,0.1629324546952224,60700.0,60700,2.684224953792791e-06,False,low,False,Rising,0.06517298187808897
zoyerss,1,0.16258992805755396,27800.0,27800,5.848558563221365e-06,False,low,False,Rising,0.06503597122302159
cl_audio,2,0.08062008730779255,1263950.0,2400000,2.5104905754941615e-07,False,medium,False,Other,0.06449606984623404
chouffevon,1,0.1609867629362214,83100.0,83100,1.937265498630823e-06,False,low,False,Rising,0.06439470517448857
jesse_jones,1,0.16076230492196877,166600.0,166600,9.649598134571954e-07,False,low,False,Rising,0.06430492196878751
sarah.annne,2,0.08031173079414432,87000.0,99600,9.201107060204679e-07,False,medium,False,Other,0.06424938463531546
allansalesn,1,0.15989754098360656,48800.0,48800,3.276588954582102e-06,False,low,False,Rising,0.06395901639344263
chef.lukeyluc,2,0.07938471681096682,773250.0,1200000,1.3897778871611393e-07,False,medium,False,Other,0.06350777344877345
francisxvk,2,0.07910779056192682,40500.0,46700,1.9729125398867982e-06,False,medium,False,Other,0.06328623244954146
me_gusta_la_lechuga,1,0.15754742919989,3637.0,3637,4.331796238655211e-05,False,low,False,Rising,0.063018971679956
sem.houmes,1,0.15737179487179487,46800.0,46800,3.3626451895682665e-06,False,low,False,Rising,0.06294871794871795
ryan_smith00,1,0.15680252986647927,142300.0,142300,1.101915178260571e-06,False,low,False,Rising,0.06272101194659171
f1.daniii,3,0.062457898957497995,179900.0,249400,2.8775791380610747e-07,False,high,False,Other,0.062457898957497995
tudo.fit,1,0.1560875244937949,153100.0,153100,1.0195135499268119e-06,False,low,False,Rising,0.06243500979751796
j_a_n_a_k__a,1,0.15607142857142858,14000.0,14000,1.114795918367347e-05,False,low,False,Rising,0.06242857142857144
juliiieanne,1,0.1560279187817259,78800.0,78800,1.9800497307325622e-06,False,low,False,Rising,0.06241116751269036
lovely_nobru_,1,0.15558762886597938,97000.0,97000,1.603996173876076e-06,False,low,False,Rising,0.06223505154639175
sl.notiya2,1,0.15557692307692308,10400.0,10400,1.495931952662722e-05,False,low,False,Rising,0.062230769230769235
valeriecosplays,1,0.15548672566371682,11300.0,11300,1.3759887226877595e-05,False,low,False,Rising,0.062194690265486734
maazsafder,1,0.15515176262420036,734700.0,734700,2.1117702820770432e-07,False,low,False,Rising,0.06206070504968014
dirtybirdfitness,1,0.15483965014577258,102900.0,102900,1.5047585048180037e-06,False,low,False,Rising,0.061935860058309034
jackabaasnl,2,0.07741882896764253,567700.0,1100000,9.716573808387603e-07,False,medium,False,Other,0.06193506317411403
oliviagracehenry,1,0.15469465648854963,26200.0,26200,5.904376201853039e-06,False,low,False,Rising,0.06187786259541986
evan_holmes_,19,0.06160958904109589,35100.0,111900,1.8757534488930216e-06,False,high,False,Other,0.06160958904109589
trexchars,1,0.15392836510687463,173100.0,173100,8.892453212413324e-07,False,low,False,Rising,0.06157134604274986
luana.noor,1,0.15382059800664452,30100.0,30100,5.1103188706526415e-06,False,low,False,Rising,0.06152823920265781
majuel20,1,0.15325146198830408,85500.0,85500,1.7924147600971237e-06,False,low,False,Rising,0.06130058479532163
jess.thebest,1,0.15253948967193195,82300.0,82300,1.8534567396346532e-06,False,low,False,Rising,0.06101579586877279
curlsnclouds,1,0.15249617151607964,65300.0,65300,2.335316562267682e-06,False,low,False,Rising,0.060998468606431856
kauanmaia30,1,0.1523809523809524,52500.0,52500,2.90249433106576e-06,False,low,False,Rising,0.06095238095238096
wajidkhan2025,2,0.07617730095990966,25350.0,27600,3.048637239894943e-06,False,medium,False,Other,0.060941840767927725
atgullett,1,0.15202,2200000.0,2200000,6.909999999999999e-08,False,low,False,Rising,0.060808
f1_flat_out,2,0.0759811856932876,169800.0,292500,9.164868827147528e-07,False,medium,False,Other,0.06078494855463008
eddygee,1,0.1517765273311897,124400.0,124400,1.2200685476783738e-06,False,low,False,Rising,0.060710610932475886
ernie.senpai,1,0.1517181956411556,197300.0,197300,7.689721015770684e-07,False,low,False,Rising,0.060687278256462245
classicmadii,1,0.15043715846994535,54900.0,54900,2.7402032508186766e-06,False,low,False,Rising,0.060174863387978145
moonlightblossom,1,0.149215965787598,140300.0,140300,1.0635492928552957e-06,False,low,False,Rising,0.0596863863150392
unbekhannt0,1,0.14913167259786478,140500.0,140500,1.061435392155621e-06,False,low,False,Rising,0.059652669039145914
glenfontein,1,0.2126207605344296,194600.0,194600,1.0926041137432148e-06,True,low,False,Proven,0.05953381294964029
ronanvanderloo,1,0.14883193277310924,119000.0,119000,1.250688510698397e-06,False,low,False,Rising,0.0595327731092437
connectedequestrian,1,0.1476306620209059,28700.0,28700,5.14392550595491e-06,False,low,False,Rising,0.05905226480836237
josh_senpai_,1,0.14741666666666667,24000.0,24000,6.142361111111111e-06,False,low,False,Rising,0.05896666666666667
tuzelitydance,2,0.10417404761904762,1800000.0,2100000,5.924891156462585e-08,True,medium,False,Proven,0.05833746666666667
tessscholten,2,0.07289643563133186,150950.0,245100,4.7303442667114074e-07,False,medium,False,Other,0.05831714850506549
vrouwenmethumor,1,0.14467973856209151,76500.0,76500,1.8912384125763598e-06,False,low,False,Rising,0.05787189542483661
safae.kx,1,0.14383656509695292,72200.0,72200,1.9921961924785723e-06,False,low,False,Rising,0.05753462603878117
theglobewanderers,1,0.14318251299296852,654200.0,654200,2.1886657443131845e-07,False,low,False,Rising,0.057273005197187414
jibrankoko7,1,0.1429889298892989,1084.0,1084,0.00013190860690894733,False,low,False,Rising,0.05719557195571956
americainperdu,1,0.142008547008547,23400.0,23400,6.0687413251515815e-06,False,low,False,Rising,0.056803418803418805
juliagetsfit,1,0.1411212814645309,87400.0,87400,1.614659970990056e-06,False,low,False,Rising,0.05644851258581236
martijn.schilder,2,0.07048648314014752,1394900.0,2600000,2.721380616527186e-07,False,medium,False,Other,0.05638918651211802
skittlestheyorkie,1,0.14044444444444446,58500.0,58500,2.4007597340930675e-06,False,low,False,Rising,0.056177777777777785
eloine242,1,0.14032325338894683,95900.0,95900,1.4632247485813016e-06,False,low,False,Rising,0.05612930135557873
naomivaneeren,1,0.13951527924130663,94900.0,94900,1.4701293913730942e-06,False,low,False,Rising,0.05580611169652266
theduckoftiktok,1,0.13925636007827788,51100.0,51100,2.725173387050448e-06,False,low,False,Rising,0.055702544031311155
gaaf_in,1,0.13921225382932167,45700.0,45700,3.0462199962652444e-06,False,low,False,Rising,0.05568490153172867
quirky_equestrian_,1,0.1388,1100000.0,1100000,1.2618181818181818e-07,False,low,False,Rising,0.05552000000000001
esmeejoanna,2,0.06932685332946467,146550.0,226000,5.292062244217518e-07,False,medium,False,Other,0.05546148266357174
spooksahoy,1,0.13846715328467155,54800.0,54800,2.52677287015824e-06,False,low,False,Rising,0.05538686131386862
thescoreesports,1,0.19624172185430463,60400.0,60400,3.249035130038156e-06,True,low,False,Proven,0.0549476821192053
tharusha_shamal,1,0.13623711340206185,19400.0,19400,7.022531618662982e-06,False,low,False,Rising,0.054494845360824745
_ylvax,2,0.06797914007069102,48950.0,58600,1.3856645793366207e-06,False,medium,False,Other,0.054383312056552814
arnold.balde,1,0.13567816091954024,43500.0,43500,3.1190381820583965e-06,False,low,False,Rising,0.0542712643678161
ebonyalicia,1,0.13510019392372333,9282.0,9282,1.4555073682797169e-05,False,low,False,Rising,0.054040077569489336
nezuko_._._chan,1,0.1350371807306822,309300.0,309300,4.3658965641992303e-07,False,low,False,Rising,0.05401487229227288
monomezurashi,1,0.1343227815256876,192700.0,192700,6.970564687373513e-07,False,low,False,Rising,0.05372911261027505
mamagum,1,0.13432160804020102,99500.0,99500,1.349965909951769e-06,False,low,False,Rising,0.05372864321608041
ashmezz,1,0.13421137882162382,493900.0,493900,2.7173796076457544e-07,False,low,False,Rising,0.05368455152864953
elliedixonmusic,1,0.1337475345167653,50700.0,50700,2.6380184322833392e-06,False,low,False,Rising,0.053499013806706124
nipuna610,1,0.1332075471698113,10600.0,10600,1.2566749733001067e-05,False,low,False,Rising,0.053283018867924525
noahaltink,2,0.06655414915222217,83800.0,136600,1.484313842609086e-06,False,medium,False,Other,0.05324331932177774
pandaboy790,1,0.13296137339055794,23300.0,23300,5.7064967120411136e-06,False,low,False,Rising,0.05318454935622318
chathuuu98,1,0.13279982697090947,9247.0,9247,1.4361395800898612e-05,False,low,False,Rising,0.053119930788363794
stephaniemorattoofficial,1,0.13171471927162368,197700.0,197700,6.662353023349705e-07,False,low,False,Rising,0.05268588770864947
ceciliamaria5677,1,0.13098230088495574,791000.0,791000,1.655907722945079e-07,False,low,False,Rising,0.0523929203539823
arc_revenger_,1,0.13096875,32000.0,32000,4.0927734374999994e-06,False,low,False,Rising,0.052387500000000004
gloryxv_uk,2,0.06540083458466628,73700.0,115600,1.5231123962970906e-06,False,medium,False,Other,0.05232066766773302
littletfitness,1,0.13058355437665783,188500.0,188500,6.927509516003068e-07,False,low,False,Rising,0.05223342175066314
jordystormyt,1,0.1305612770339856,194200.0,194200,6.723031773119752e-07,False,low,False,Rising,0.05222451081359424
supjillez,1,0.13032751091703057,45800.0,45800,2.8455788409832e-06,False,low,False,Rising,0.05213100436681223
milenaaxoxoo,2,0.06464663775786755,59350.0,79000,1.1759257411149694e-06,False,medium,False,Other,0.05171731020629405
dineshbandara08,1,0.12894017094017093,58500.0,58500,2.204105486156768e-06,False,low,False,Rising,0.051576068376068374
cuakun.to,1,0.12862659011595182,888300.0,888300,1.4480084443988723e-07,False,low,False,Rising,0.05145063604638073
missblondy1982,1,0.128538125,1600000.0,1600000,8.0336328125e-08,False,low,False,Rising,0.05141525
roblox_trollingexploits,1,0.1282439024390244,61500.0,61500,2.0852667063255998e-06,False,low,False,Rising,0.05129756097560976
joeyvandenhoek,1,0.12695652173913044,34500.0,34500,3.6798991808443607e-06,False,low,False,Rising,0.05078260869565218
muzamiltalpur7,1,0.12658474741564268,5127.0,5127,2.468982785559639e-05,False,low,False,Rising,0.05063389896625708
snubbyj,1,0.12630312635066993,694100.0,694100,1.819667574566632e-07,False,low,False,Rising,0.05052125054026797
kellanandkevin,1,0.12583454545454545,1100000.0,1100000,1.1439504132231404e-07,False,low,False,Rising,0.05033381818181818
justinvanr,1,0.1257505285412262,47300.0,47300,2.6585735420978054e-06,False,low,False,Rising,0.050300211416490485
dewi_dik41,1,0.1255026455026455,170100.0,170100,7.378168459885098e-07,False,low,False,Rising,0.050201058201058205
everyprofilenameistaken,2,0.0626506546184739,674300.0,1000000,1.1574490194628196e-07,False,medium,False,Other,0.05012052369477912
shotgod68,2,0.06253233588052785,71000.0,71400,8.776496962877129e-07,False,medium,False,Other,0.050025868704422286
taylorlegit,1,0.12477124183006535,61200.0,61200,2.0387457815370155e-06,False,low,False,Rising,0.049908496732026145
sophiestunes,1,0.12468690702087286,52700.0,52700,2.365975465291705e-06,False,low,False,Rising,0.04987476280834915
julesw5678,1,0.12467741935483871,49600.0,49600,2.5136576482830385e-06,False,low,False,Rising,0.04987096774193549
siena.palicke,1,0.12467174119885822,105100.0,105100,1.1862201826722953e-06,False,low,False,Rising,0.04986869647954329
k1ra_lait,1,0.12437389770723103,56700.0,56700,2.1935431694397008e-06,False,low,False,Rising,0.049749559082892414
dioneboerstal1,1,0.12405331385795143,547700.0,547700,2.264986559392942e-07,False,low,False,Rising,0.04962132554318058
laurafreestyle_,1,0.12366890380313199,44700.0,44700,2.766642143246801e-06,False,low,False,Rising,0.0494675615212528
zundervan,2,0.06176102775767297,126550.0,152600,5.373666481137581e-07,False,medium,False,Other,0.049408822206138375
peachtechie,1,0.12342715231788079,181200.0,181200,6.81165299767554e-07,False,low,False,Rising,0.049370860927152316
dexter2009_,1,0.12335731145329887,889700.0,889700,1.3865045684309192e-07,False,low,False,Rising,0.04934292458131955
fitsara,1,0.12319224885262621,196100.0,196100,6.282113658981448e-07,False,low,False,Rising,0.04927689954105049
lumadiniz_,1,0.12310122038765255,139300.0,139300,8.837129963219852e-07,False,low,False,Rising,0.04924048815506102
thefashionjogger,4,0.04910578258095989,49800.0,113400,1.0058827350900143e-06,False,high,False,Other,0.04910578258095989
noazwan,1,0.12261120925004015,622700.0,622700,1.9690253613303381e-07,False,low,False,Rising,0.049044483700016066
eduard_martirosyan,1,0.1226041209995616,228100.0,228100,5.375016264776922e-07,False,low,False,Rising,0.04904164839982464
allyshavandijk,1,0.12244851258581235,43700.0,43700,2.8020254596295735e-06,False,low,False,Rising,0.04897940503432494
monyaa.20,1,0.12240943070730305,173900.0,173900,7.039070195934621e-07,False,low,False,Rising,0.048963772282921224
roblapham,1,0.1218796992481203,26600.0,26600,4.581943580756402e-06,False,low,False,Rising,0.04875187969924812
pudding.broodje,1,0.12142227122381477,90700.0,90700,1.338724048774143e-06,False,low,False,Rising,0.048568908489525914
c_m_a_j,1,0.1209254498714653,9725.0,9725,1.2434493560047844e-05,False,low,False,Rising,0.04837017994858612
themepark_explorers,2,0.06043323747323532,228700.0,384900,5.841969815808077e-07,False,medium,False,Other,0.04834658997858826
mr.sajidkhan14,1,0.12034538586076632,1853.0,1853,6.494624169496294e-05,False,low,False,Rising,0.04813815434430653
jefiinho_xp,1,0.1202066772655008,62900.0,62900,1.9110759501669443e-06,False,low,False,Rising,0.048082670906200324
pro..jaany,1,0.12007194244604316,41700.0,41700,2.879423080240843e-06,False,low,False,Rising,0.048028776978417266
_anniecampos,1,0.1199108734402852,56100.0,56100,2.1374487244257613e-06,False,low,False,Rising,0.04796434937611408
stanwilgenhof,1,0.11940298507462686,40200.0,40200,2.970223509319076e-06,False,low,False,Rising,0.04776119402985075
fc_da_loud_5_0,1,0.11925925925925926,45900.0,45900,2.598240942467522e-06,False,low,False,Rising,0.047703703703703706
sepantax,1,0.11920382165605095,94200.0,94200,1.265433350913492e-06,False,low,False,Rising,0.04768152866242038
rumeshsashimal,1,0.11873287671232877,29200.0,29200,4.066194407956464e-06,False,low,False,Rising,0.04749315068493151
cleisinho029,1,0.1694071762870515,128200.0,128200,1.3214288321922893e-06,True,low,False,Proven,0.04743400936037442
logyfoote,1,0.11797653958944282,68200.0,68200,1.7298612843026806e-06,False,low,False,Rising,0.04719061583577713
beltran1612,1,0.11782828282828282,79200.0,79200,1.4877308437914497e-06,False,low,False,Rising,0.047131313131313135
abicado,1,0.11774358974358974,78000.0,78000,1.509533201840894e-06,False,low,False,Rising,0.047097435897435896
bodybyberg,2,0.05871641064634856,178000.0,269900,4.3236825744382846e-07,False,medium,False,Other,0.046973128517078855
zereslim,1,0.11699004975124377,40200.0,40200,2.910200242568253e-06,False,low,False,Rising,0.04679601990049751
kaiogray,1,0.11694421052631579,1900000.0,1900000,6.154958448753462e-08,False,low,False,Rising,0.04677768421052632
itismecat,1,0.11639925373134329,53600.0,53600,2.171627868122076e-06,False,low,False,Rising,0.04655970149253732
formula1.fan,1,0.11639429312581064,154200.0,154200,7.548268036693297e-07,False,low,False,Rising,0.04655771725032426
kapinhaoficial,1,0.11590778097982708,34700.0,34700,3.340281872617495e-06,False,low,False,Rising,0.04636311239193083
haagschekeuken,3,0.04634209253586974,64200.0,620300,1.1248285322359397e-06,False,high,False,Other,0.04634209253586974
abs.adamski,1,0.11548622366288493,123400.0,123400,9.358689113685975e-07,False,low,False,Rising,0.046194489465153976
henrydag10,1,0.11535714285714285,67200.0,67200,1.716624149659864e-06,False,low,False,Rising,0.046142857142857145
ericmartin012,1,0.11535508637236085,52100.0,52100,2.2141091434234325e-06,False,low,False,Rising,0.04614203454894434
hotspotdoctor,1,0.11507853403141362,76400.0,76400,1.5062635344425865e-06,False,low,False,Rising,0.04603141361256545
limonka_pechenka,1,0.11474140600805204,6458.0,6458,1.7767328276254573e-05,False,low,False,Rising,0.04589656240322082
fleurbruel,1,0.11463022508038585,31100.0,31100,3.6858593273435965e-06,False,low,False,Rising,0.04585209003215435
yohankawidu6257,1,0.11439024390243903,12300.0,12300,9.300019829466588e-06,False,low,False,Rising,0.045756097560975616
queseyosoyrara,1,0.11412111679119151,254300.0,254300,4.4876569717338386e-07,False,low,False,Rising,0.04564844671647661
formule_1_facts,1,0.1138965597940557,427300.0,427300,2.665494027476146e-07,False,low,False,Rising,0.04555862391762228
dblegendssummoner,1,0.11382743362831858,45200.0,45200,2.5183060537238624e-06,False,low,False,Rising,0.045530973451327436
f1focused,1,0.11380281690140845,78100.0,78100,1.4571423418874321e-06,False,low,False,Rising,0.045521126760563385
jasonverspaget,1,0.11377637130801688,47400.0,47400,2.4003453862450816e-06,False,low,False,Rising,0.045510548523206754
blondecol,1,0.11356435643564357,10100.0,10100,1.1243995686697383e-05,False,low,False,Rising,0.04542574257425743
luuhmaia3192,1,0.11332599118942731,45400.0,45400,2.4961672068155794e-06,False,low,False,Rising,0.045330396475770925
noeldeyzel_bodybuilder,2,0.08082289944670007,243950.0,332900,3.979978999805223e-07,True,medium,False,Other,0.04526082369015204
eskimonapalocke,1,0.11300900900900901,55500.0,55500,2.036198360522685e-06,False,low,False,Rising,0.045203603603603607
fabricioo,1,0.11297251442144554,294700.0,294700,3.8334752094145076e-07,False,low,False,Rising,0.04518900576857822
______nisal_____,1,0.11293172690763052,24900.0,24900,4.535410719181949e-06,False,low,False,Rising,0.04517269076305221
hallometkristina,1,0.11278937381404175,52700.0,52700,2.1402158218983254e-06,False,low,False,Rising,0.0451157495256167
juffie_iris,1,0.11218503361590178,684200.0,684200,1.6396526398114847e-07,False,low,False,Rising,0.04487401344636072
natasja.dragic,1,0.111796875,38400.0,38400,2.911376953125e-06,False,low,False,Rising,0.04471875
str8savage__,1,0.11138036809815952,65200.0,65200,1.7082878542662502e-06,False,low,False,Rising,0.04455214723926381
biismarcksantos,1,0.11133333333333334,37500.0,37500,2.968888888888889e-06,False,low,False,Rising,0.04453333333333334
klaasschmedding,1,0.11079390115667719,190200.0,190200,5.825126243779032e-07,False,low,False,Rising,0.04431756046267088
sameerkhandj11,1,0.11075949367088607,1896.0,1896,5.841745446776691e-05,False,low,False,Rising,0.04430379746835443
theundertakerlegend,1,0.110715667311412,51700.0,51700,2.141502269079536e-06,False,low,False,Rising,0.044286266924564804
jerhemynemo,1,0.11009852216748768,60900.0,60900,1.8078575068552986e-06,False,low,False,Rising,0.044039408866995075
braydencarelius,2,0.05504427067171435,31550.0,36900,1.6040810519302999e-06,False,medium,False,Other,0.04403541653737148
shehan951,1,0.10979848207275582,382100.0,382100,2.87355357426736e-07,False,low,False,Rising,0.04391939282910233
thecubancrusher,1,0.10896890343698855,61100.0,61100,1.78345177474613e-06,False,low,False,Rising,0.04358756137479542
helloooo.world.1,1,0.10834745762711864,47200.0,47200,2.295496983625395e-06,False,low,False,Rising,0.04333898305084746
lopez_and_dameliofann,1,0.10812765957446809,47000.0,47000,2.3005885015844275e-06,False,low,False,Rising,0.04325106382978724
war._.horse,1,0.10806861499364676,78700.0,78700,1.3731717280005942e-06,False,low,False,Rising,0.0432274459974587
thiccmrkrabsxxx,1,0.1076979405034325,218500.0,218500,4.928967528761213e-07,False,low,False,Rising,0.043079176201373
knight_of_erin,1,0.10764598540145985,54800.0,54800,1.9643427992967126e-06,False,low,False,Rising,0.04305839416058394
thedustinphillips,1,0.21462857142857142,3500000.0,3500000,6.132244897959184e-08,False,low,True,Proven,0.04292571428571429
alessandraveloso95,1,0.10707456978967496,52300.0,52300,2.0473149099364238e-06,False,low,False,Rising,0.042829827915869985
fennahillz,1,0.10696781883194278,419500.0,419500,2.5498884107733677e-07,False,low,False,Rising,0.042787127532777115
jessemiltenburg1,1,0.10693602693602694,59400.0,59400,1.8002698137378273e-06,False,low,False,Rising,0.04277441077441078
dilansampath0,1,0.10664503569110967,154100.0,154100,6.920508480928596e-07,False,low,False,Rising,0.04265801427644387
hahahahahahahamaddie,1,0.10657388214391472,675400.0,675400,1.5779372541296228e-07,False,low,False,Rising,0.042629552857565894
7deadlysinsweeb,1,0.10638268156424581,71600.0,71600,1.4857916419587404e-06,False,low,False,Rising,0.042553072625698324
ziggosport,2,0.07562534030644628,144700.0,251500,1.2526396748464938e-06,True,medium,False,Other,0.04235019057160992
joran.bawz,1,0.10522961203483769,252600.0,252600,4.1658595421550947e-07,False,low,False,Rising,0.042091844813935075
jailsonjuniorrc,1,0.10517751479289941,33800.0,33800,3.1117607926893316e-06,False,low,False,Rising,0.042071005917159766
jasithalakshan,1,0.10513888888888889,21600.0,21600,4.8675411522633745e-06,False,low,False,Rising,0.04205555555555556
planeta_luizbacci,1,0.10507142857142857,42000.0,42000,2.5017006802721085e-06,False,low,False,Rising,0.04202857142857143
hamzasamearfoqaha,1,0.10494318181818182,52800.0,52800,1.987560261707989e-06,False,low,False,Rising,0.04197727272727273
artistmiranda,1,0.10489559164733178,129300.0,129300,8.112574760041127e-07,False,low,False,Rising,0.04195823665893272
tiagovargasrj,1,0.10472972972972973,88800.0,88800,1.1793888483077672e-06,False,low,False,Rising,0.041891891891891894
nomankhan8671,1,0.1047136563876652,22700.0,22700,4.61293640474296e-06,False,low,False,Rising,0.04188546255506608
mattvena,1,0.10469866666666666,1500000.0,1500000,6.97991111111111e-08,False,low,False,Rising,0.04187946666666667
the_lift_doctor_,1,0.10462305986696231,90200.0,90200,1.1599008854430413e-06,False,low,False,Rising,0.041849223946784926
sachingeethika,1,0.10439169139465876,33700.0,33700,3.0976763025121295e-06,False,low,False,Rising,0.041756676557863505
demiidejong,1,0.10411392405063291,63200.0,63200,1.647372215991027e-06,False,low,False,Rising,0.04164556962025317
anujaranasinghe,1,0.10344262295081967,12200.0,12200,8.47890352055899e-06,False,low,False,Rising,0.04137704918032787
paulmtz1,1,0.10296033994334278,70600.0,70600,1.4583617555714274e-06,False,low,False,Rising,0.04118413597733711
joenicholls118,1,0.10288519637462236,66200.0,66200,1.5541570449338726e-06,False,low,False,Rising,0.04115407854984895
tessa.mulderr,1,0.10245977011494253,261000.0,261000,3.9256616902276835e-07,False,low,False,Rising,0.04098390804597701
jordielocks_,1,0.10237557721908672,194900.0,194900,5.252723305237902e-07,False,low,False,Rising,0.04095023088763469
zachlagana,1,0.10204460966542751,53800.0,53800,1.8967399566064594e-06,False,low,False,Rising,0.04081784386617101
lorenschoonen,1,0.10178632772243215,291100.0,291100,3.4966103649066355e-07,False,low,False,Rising,0.04071453108897286
blakizim.3xp,1,0.10172161172161172,109200.0,109200,9.315165908572502e-07,False,low,False,Rising,0.04068864468864469
jipcraque,1,0.10136017078377554,327900.0,327900,3.091191545708312e-07,False,low,False,Rising,0.04054406831351022
powerunlimitednl,1,0.10129577464788732,35500.0,35500,2.853402102757389e-06,False,low,False,Rising,0.04051830985915493
kalvijn,1,0.144150591163659,321400.0,321400,4.4850837325345053e-07,True,low,False,Proven,0.04036216552582452
jonzzy,1,0.10085987261146497,62800.0,62800,1.6060489269341556e-06,False,low,False,Rising,0.04034394904458599
timmetje19,1,0.10041071428571428,224000.0,224000,4.482621173469388e-07,False,low,False,Rising,0.040164285714285715
ilikecashews,1,0.1001722104269875,423900.0,423900,2.3631094698510852e-07,False,low,False,Rising,0.040068884170795
daniellemcbryde3,1,0.10001526717557252,65500.0,65500,1.5269506439018704e-06,False,low,False,Rising,0.04000610687022901
joanna.rabon,1,0.0996983758700696,86200.0,86200,1.1565936875878145e-06,False,low,False,Rising,0.039879350348027844
kristinfarina,1,0.14241045845272207,558400.0,558400,2.550330559683418e-07,True,low,False,Proven,0.03987492836676218
vidadejosemarcos,1,0.09935363636363637,1100000.0,1100000,9.032148760330579e-08,False,low,False,Rising,0.03974145454545455
itspaulmorris,1,0.09888613861386139,80800.0,80800,1.2238383491814528e-06,False,low,False,Rising,0.03955445544554456
matteo.paolini.88,1,0.09861088379705402,488800.0,488800,2.017407606322709e-07,False,low,False,Rising,0.03944435351882161
erin.autio,1,0.09835593220338983,59000.0,59000,1.6670496983625394e-06,False,low,False,Rising,0.03934237288135593
antonielokhorst,1,0.14048427672955974,159000.0,159000,8.835489102488034e-07,True,low,False,Proven,0.03933559748427673
fahedsakr,1,0.0982115518441197,143700.0,143700,6.834485166605407e-07,False,low,False,Rising,0.03928462073764788
sulekolik,1,0.09775740304794944,8071.0,8071,1.2112179785398271e-05,False,low,False,Rising,0.03910296121917978
dewwa99,1,0.09773946360153257,26100.0,26100,3.7448070345414777e-06,False,low,False,Rising,0.03909578544061303
justintea,1,0.09575117370892018,511200.0,511200,1.873066778343509e-07,False,low,False,Rising,0.03830046948356808
bibisientje,1,0.09572343149807938,78100.0,78100,1.2256521318576106e-06,False,low,False,Rising,0.03828937259923176
shanigirl26,1,0.09545673076923077,41600.0,41600,2.294632951183432e-06,False,low,False,Rising,0.038182692307692306
blake_ouellette,3,0.03809946714031972,52100.0,56300,6.767223293129612e-07,False,high,False,Other,0.03809946714031972
kallyeskally,1,0.0949843912591051,96100.0,96100,9.883911681488564e-07,False,low,False,Rising,0.03799375650364204
janithc.ranawaara,1,0.09477064220183486,10900.0,10900,8.694554330443566e-06,False,low,False,Rising,0.037908256880733945
nikkililly,1,0.13494864907568335,632900.0,632900,2.1322270354824357e-07,True,low,False,Proven,0.03778562174119134
_pradeep_max_,1,0.09429292929292929,19800.0,19800,4.76226915620855e-06,False,low,False,Rising,0.03771717171717172
makeeva69_,1,0.09398467432950192,104400.0,104400,9.002363441523172e-07,False,low,False,Rising,0.03759386973180077
lies_zhara.prive,1,0.09391803278688525,122000.0,122000,7.698199408761086e-07,False,low,False,Rising,0.037567213114754104
cryssieisland,1,0.09381801962533452,112100.0,112100,8.369136451858565e-07,False,low,False,Rising,0.03752720785013381
mfaabdallah,1,0.09372727272727273,44000.0,44000,2.1301652892561984e-06,False,low,False,Rising,0.037490909090909096
s.tefan3,1,0.0936,102500.0,102500,9.131707317073171e-07,False,low,False,Rising,0.03744
dyon.b,1,0.09246823956442832,55100.0,55100,1.6781894657790982e-06,False,low,False,Rising,0.03698729582577133
cagritaner,1,0.13173557770877595,611900.0,611900,2.1528938994733771e-07,True,low,False,Proven,0.036885961758457264
helaxy02,1,0.09172487745098039,326400.0,326400,2.810198451316801e-07,False,low,False,Rising,0.036689950980392155
shaanmadush,1,0.09170886075949367,47400.0,47400,1.93478609197244e-06,False,low,False,Rising,0.036683544303797465
risingstar93,1,0.09167842031029619,1418.0,1418,6.465332885070253e-05,False,low,False,Rising,0.036671368124118475
gpblog.com,1,0.09161228406909788,52100.0,52100,1.7583931683128192e-06,False,low,False,Rising,0.03664491362763916
smilelando,1,0.0915018508725542,189100.0,189100,4.838807555396838e-07,False,low,False,Rising,0.036600740349021686
cjrfit,1,0.09137254901960784,76500.0,76500,1.1944124054850699e-06,False,low,False,Rising,0.03654901960784314
angiear78,1,0.09114420062695924,63800.0,63800,1.4285924863159755e-06,False,low,False,Rising,0.0364576802507837
relaxify,3,0.07271686274509805,5100000.0,6600000,1.4258208381391774e-08,False,high,True,Other,0.03635843137254902
masoudtiktok,1,0.0905109489051095,13700.0,13700,6.6066386062123715e-06,False,low,False,Rising,0.0362043795620438
pardereis,1,0.09034120734908137,38100.0,38100,2.3711602978761515e-06,False,low,False,Rising,0.03613648293963255
daniquehosmar,1,0.09033596837944664,50600.0,50600,1.7852958177756254e-06,False,low,False,Rising,0.03613438735177866
laurenmetzz,1,0.09030645161290322,62000.0,62000,1.4565556711758584e-06,False,low,False,Rising,0.036122580645161294
alessandrocatende0,1,0.09027798647633359,133100.0,133100,6.78271874352619e-07,False,low,False,Rising,0.036111194590533434
trantypebeat,1,0.09027707808564232,39700.0,39700,2.2739818157592523e-06,False,low,False,Rising,0.03611083123425693
jadandgiodepedo,1,0.08985555555555555,360000.0,360000,2.4959876543209875e-07,False,low,False,Rising,0.03594222222222222
memes_by_pawan,1,0.08972580817241012,9373.0,9373,9.57279506800492e-06,False,low,False,Rising,0.03589032326896405
mollsballscarl,1,0.08946107784431137,83500.0,83500,1.0713901538240883e-06,False,low,False,Rising,0.03578443113772455
jorgechaconh,1,0.08944178628389154,62700.0,62700,1.4265037684831187e-06,False,low,False,Rising,0.03577671451355662
diontvg,1,0.08941492537313434,167500.0,167500,5.338204499888617e-07,False,low,False,Rising,0.035765970149253735
anabeamaral,1,0.08936141304347826,73600.0,73600,1.214149633742911e-06,False,low,False,Rising,0.035744565217391305
sam.spiess,1,0.0893491124260355,16900.0,16900,5.286929729351214e-06,False,low,False,Rising,0.0357396449704142
schijtaandeoverheid_,1,0.08907871424955707,395100.0,395100,2.2545865413707182e-07,False,low,False,Rising,0.03563148569982283
ivarvanleijsen,1,0.0889604743083004,253000.0,253000,3.51622428096049e-07,False,low,False,Rising,0.03558418972332016
pasiya77,1,0.08848035581912528,134900.0,134900,6.558958919134565e-07,False,low,False,Rising,0.03539214232765011
condsty,2,0.0883936507168301,34724450.0,68700000,6.87863268702503e-08,False,medium,True,Proven,0.03535746028673204
sharonsala,1,0.08827546026567233,429100.0,429100,2.0572234972191174e-07,False,low,False,Rising,0.03531018410626893
johnclajara,1,0.08813926610806125,346100.0,346100,2.5466416095943727e-07,False,low,False,Rising,0.035255706443224503
vivi.aravena,1,0.0881267217630854,36300.0,36300,2.4277333819031793e-06,False,low,False,Rising,0.035250688705234165
nl_daniel,1,0.0875437636761488,182800.0,182800,4.789046152962188e-07,False,low,False,Rising,0.03501750547045952
torres.alejandro,1,0.08742776203966006,176500.0,176500,4.953414279867425e-07,False,low,False,Rising,0.034971104815864025
jhullyduarte,1,0.08736811926605505,174400.0,174400,5.009639866172881e-07,False,low,False,Rising,0.03494724770642202
dharas_2020,1,0.08730232558139535,21500.0,21500,4.060573282855597e-06,False,low,False,Rising,0.03492093023255814
kirstenvo,1,0.08709567198177677,263400.0,263400,3.306593469315747e-07,False,low,False,Rising,0.03483826879271071
softballkendall5,1,0.08683679525222551,337000.0,337000,2.576759503033398e-07,False,low,False,Rising,0.034734718100890204
rooshazeveld,1,0.08614336917562725,139500.0,139500,6.175151912231344e-07,False,low,False,Other,0.0344573476702509
kolbstrong,1,0.08601637107776262,73300.0,73300,1.1734839164769799e-06,False,low,False,Other,0.03440654843110505
alexklein_,1,0.12272745571658615,496800.0,496800,2.4703594145850673e-07,True,low,False,Proven,0.03436368760064412
lindeverbakel,1,0.08590209790209791,143000.0,143000,6.00713971343342e-07,False,low,False,Other,0.034360839160839166
ninakleij,1,0.08544642857142858,44800.0,44800,1.9072863520408164e-06,False,low,False,Other,0.03417857142857143
lanimanila,1,0.08510869565217391,46000.0,46000,1.850189035916824e-06,False,low,False,Other,0.034043478260869564
thekiryalife,2,0.12134210760084951,12797950.0,24800000,1.2257453785026203e-07,True,medium,True,Proven,0.033975790128237864
2zero1eight,1,0.08487676056338028,56800.0,56800,1.4943091648482444e-06,False,low,False,Other,0.03395070422535212
reneeelward,1,0.08481848184818482,30300.0,30300,2.7992898299730963e-06,False,low,False,Other,0.03392739273927393
_nisandu_kgnk_,1,0.08465863453815262,74700.0,74700,1.133315054058268e-06,False,low,False,Other,0.03386345381526105
bramovic0183,1,0.08460533787620671,352200.0,352200,2.4021958511131945e-07,False,low,False,Other,0.033842135150482684
steviestunner,1,0.08457277669504565,974900.0,974900,8.675020688793277e-08,False,low,False,Other,0.03382911067801826
amberdgruijter,1,0.08429447852760737,32600.0,32600,2.5857202002333547e-06,False,low,False,Other,0.03371779141104295
redbull_clips,1,0.08356528245417134,267300.0,267300,3.126273193197581e-07,False,low,False,Other,0.03342611298166854
emma.squires10,1,0.08340344168260039,52300.0,52300,1.594712078061193e-06,False,low,False,Other,0.033361376673040156
ridderroeland,1,0.08283765347885402,659700.0,659700,1.2556867284955894e-07,False,low,False,Other,0.03313506139154161
samantha_louise_x,1,0.08264808362369339,28700.0,28700,2.8797241680729403e-06,False,low,False,Other,0.03305923344947736
lisakocken_,1,0.08232097511427121,196900.0,196900,4.1808519611107773e-07,False,low,False,Other,0.03292839004570849
shashika28,1,0.08192434210526316,60800.0,60800,1.3474398372576177e-06,False,low,False,Other,0.03276973684210526
rijstt,1,0.08171809384699653,547700.0,547700,1.4920228929522828e-07,False,low,False,Other,0.03268723753879862
nl.finn,1,0.08135764944275582,98700.0,98700,8.242922942528453e-07,False,low,False,Other,0.03254305977710233
stephgowie,1,0.0811958041958042,143000.0,143000,5.678028265440853e-07,False,low,False,Other,0.03247832167832168
brandontoet,1,0.08108179419525066,75800.0,75800,1.069680662206473e-06,False,low,False,Other,0.03243271767810026
brittelisabethh,1,0.0809090909090909,59400.0,59400,1.3621059075604529e-06,False,low,False,Other,0.032363636363636365
trev1315_transitions,1,0.08090692124105012,41900.0,41900,1.930952774249406e-06,False,low,False,Other,0.03236276849642005
spacedais,1,0.08085463258785942,125200.0,125200,6.458037746634139e-07,False,low,False,Other,0.032341853035143774
rapperedits1244,1,0.1614575925925926,5400000.0,5400000,2.989955418381344e-08,False,low,True,Proven,0.03229151851851852
xiaoxue521,1,0.08067994310099573,351500.0,351500,2.295304213399594e-07,False,low,False,Other,0.03227197724039829
omitholitha,1,0.08067729083665338,25100.0,25100,3.214234694687386e-06,False,low,False,Other,0.03227091633466136
ootdmagazine,1,0.11509,1000000.0,1000000,1.1509e-07,True,low,False,Proven,0.0322252
schmilt,1,0.08055,1300000.0,1300000,6.196153846153846e-08,False,low,False,Breakout,0.03222
sheetgeek,1,0.08045633359559402,254200.0,254200,3.165079999826673e-07,False,low,False,Other,0.03218253343823761
dulcesgemelas,1,0.08041280148423005,215600.0,215600,3.729721775706403e-07,False,low,False,Other,0.032165120593692025
zjessyy,1,0.08015452538631347,181200.0,181200,4.423538928604496e-07,False,low,False,Other,0.03206181015452539
syz..gohan,1,0.0797601598934044,150100.0,150100,5.313801458587902e-07,False,low,False,Other,0.03190406395736176
tanyahartleyy,1,0.07934285714285715,35000.0,35000,2.2669387755102044e-06,False,low,False,Other,0.03173714285714286
jose.osa,1,0.07932203389830508,23600.0,23600,3.361103131284114e-06,False,low,False,Other,0.031728813559322035
kaledoos,1,0.07930188679245283,53000.0,53000,1.4962620149519401e-06,False,low,False,Other,0.03172075471698113
mazenalka,1,0.07901858304297328,172200.0,172200,4.5887678886744066e-07,False,low,False,Other,0.03160743321718931
watkiekjenou,1,0.07888,212500.0,212500,3.7120000000000004e-07,False,low,False,Other,0.031552000000000004
___h_a_r_s_h_a___,1,0.07885057471264367,43500.0,43500,1.8126568899458315e-06,False,low,False,Other,0.03154022988505747
its.nodin,1,0.07869947275922672,113800.0,113800,6.915595145801996e-07,False,low,False,Other,0.03147978910369069
samyahafsaoui,1,0.07867167919799499,39900.0,39900,1.971721283157769e-06,False,low,False,Other,0.031468671679198
mlluiza2,1,0.07859422958870473,162900.0,162900,4.824691810233562e-07,False,low,False,Other,0.03143769183548189
io.dreamer_mk,1,0.07853425845620121,115300.0,115300,6.811297350928119e-07,False,low,False,Other,0.031413703382480486
lillete,1,0.07826714285714285,1400000.0,1400000,5.5905102040816323e-08,False,low,False,Breakout,0.03130685714285714
nilanthanrock,1,0.07818181818181819,18700.0,18700,4.180845892075839e-06,False,low,False,Other,0.03127272727272728
_s_h_a_m_o_o_,1,0.07748387096774194,170500.0,170500,4.544508561157885e-07,False,low,False,Other,0.030993548387096777
tala.exe,1,0.07746987951807228,24900.0,24900,3.1112401412880435e-06,False,low,False,Other,0.030987951807228915
giorgiagaray,1,0.077440625,1600000.0,1600000,4.8400390625e-08,False,low,False,Breakout,0.03097625
mibouma,1,0.07733248730964468,394000.0,394000,1.9627534850163623e-07,False,low,False,Other,0.03093299492385787
strongdoratheexplorer,1,0.07715901060070672,141500.0,141500,5.452933611357366e-07,False,low,False,Other,0.03086360424028269
thebloopers4you,1,0.07714025500910747,109800.0,109800,7.025524135619989e-07,False,low,False,Other,0.03085610200364299
xaruka04,1,0.07706611570247934,24200.0,24200,3.1845502356396424e-06,False,low,False,Other,0.030826446280991737
bhousetiktokers,1,0.0769392033542977,47700.0,47700,1.6129812023961781e-06,False,low,False,Other,0.030775681341719083
miafitness,1,0.07672862453531598,26900.0,26900,2.852365224361189e-06,False,low,False,Other,0.030691449814126394
jebijude59,1,0.0765880217785844,55100.0,55100,1.3899822464352885e-06,False,low,False,Other,0.03063520871143376
valerielambb,1,0.0763809351214208,551800.0,551800,1.3842141196343023e-07,False,low,False,Other,0.030552374048568323
nazartanhajan05,1,0.07634146341463414,4100.0,4100,1.8619869125520525e-05,False,low,False,Other,0.030536585365853658
lidiaconrado,1,0.07625994694960213,37700.0,37700,2.022810263915176e-06,False,low,False,Other,0.030503978779840853
parmesan_1717,1,0.07622387053270398,148300.0,148300,5.139842921962507e-07,False,low,False,Other,0.030489548213081592
gulianus,1,0.07557901085645356,165800.0,165800,4.5584445631154137e-07,False,low,False,Other,0.030231604342581427
mrkanapita,1,0.0753161858746625,7037.0,7037,1.0702882744729644e-05,False,low,False,Other,0.030126474349865002
abdeentube,1,0.07512768130745659,97900.0,97900,7.67392046041436e-07,False,low,False,Other,0.030051072522982638
rick.veen,1,0.07502958579881656,169000.0,169000,4.4396204614684356e-07,False,low,False,Other,0.03001183431952663
xrooom_,1,0.0749151103565365,117800.0,117800,6.359517008194949e-07,False,low,False,Other,0.0299660441426146
mr_shoaib_66,1,0.0748963883955003,3378.0,3378,2.2171814208259413e-05,False,low,False,Other,0.02995855535820012
rorymckenna93,1,0.07486560992419021,145100.0,145100,5.159587176029649e-07,False,low,False,Other,0.029946243969676087
joelbeukersofficial,1,0.07482716049382716,81000.0,81000,9.237921048620638e-07,False,low,False,Other,0.029930864197530868
selenabosscha,1,0.07414634146341463,36900.0,36900,2.0093859475180116e-06,False,low,False,Other,0.029658536585365852
abdul_khaliq2k20,1,0.07377521613832853,69400.0,69400,1.063043460206463e-06,False,low,False,Other,0.029510086455331416
meesterjesper,1,0.07361182519280206,155600.0,155600,4.730837094653089e-07,False,low,False,Other,0.029444730077120826
kars,1,0.10507656612529002,215500.0,215500,4.875942743632947e-07,True,low,False,Proven,0.029421438515081208
roxannekwant,1,0.0735002635740643,189700.0,189700,3.8745526396449294e-07,False,low,False,Other,0.029400105429625723
elkakosmoss,1,0.07346666666666667,45000.0,45000,1.6325925925925926e-06,False,low,False,Other,0.02938666666666667
ruthreign,1,0.07339470655926351,86900.0,86900,8.445881077015364e-07,False,low,False,Other,0.02935788262370541
molchanovamua,1,0.0731869688385269,70600.0,70600,1.0366426181094464e-06,False,low,False,Other,0.029274787535410764
pinkxchampagne00,1,0.07257583333333334,1200000.0,1200000,6.047986111111112e-08,False,low,False,Breakout,0.02903033333333334
jellemorcuss,1,0.07254504504504504,44400.0,44400,1.6338974109244378e-06,False,low,False,Other,0.029018018018018017
yoepmen,1,0.0724881033310673,441300.0,441300,1.6426037464551846e-07,False,low,False,Other,0.02899524133242692
maximeee.r,1,0.07231286795626576,118900.0,118900,6.081822368062722e-07,False,low,False,Other,0.028925147182506307
blackgirl526,1,0.0722457627118644,47200.0,47200,1.5306305659293307e-06,False,low,False,Other,0.028898305084745765
techempires,1,0.14430689655172413,2900000.0,2900000,4.9760998810939355e-08,False,low,True,Proven,0.028861379310344826
pounda11,1,0.07191526919682259,113300.0,113300,6.347331791423e-07,False,low,False,Other,0.028766107678729037
marekszatanik6,1,0.07182238362495873,605800.0,605800,1.185579128837219e-07,False,low,False,Other,0.028728953449983493
bigslank31,1,0.07171717171717172,89100.0,89100,8.049065288122528e-07,False,low,False,Other,0.02868686868686869
bigheadnoneck,1,0.07156502571638501,136100.0,136100,5.258267870417709e-07,False,low,False,Other,0.028626010286554007
verooontjuh,1,0.07153637186839722,3313.0,3313,2.1592626582673475e-05,False,low,False,Other,0.028614548747358887
bulletproof_dad,1,0.07061099796334012,49100.0,49100,1.4381058648338111e-06,False,low,False,Other,0.028244399185336052
sanderboek,1,0.0704769001490313,201300.0,201300,3.50108793586842e-07,False,low,False,Other,0.02819076005961252
axaviationdefence,1,0.07005555555555555,36000.0,36000,1.9459876543209874e-06,False,low,False,Other,0.028022222222222223
lilhandi,1,0.06992277992277993,51800.0,51800,1.3498606162698828e-06,False,low,False,Other,0.027969111969111973
redbullned,1,0.09988252569750367,68100.0,68100,1.4667037547357366e-06,True,low,False,Proven,0.027967107195301023
rockybrim,1,0.06988023952095808,83500.0,83500,8.368890960593782e-07,False,low,False,Other,0.02795209580838323
joeysofo,1,0.06974466054170146,838100.0,838100,8.321758804641625e-08,False,low,False,Other,0.027897864216680585
renekarst,1,0.06956297179181566,251700.0,251700,2.76372553801413e-07,False,low,False,Other,0.027825188716726262
marlivanderdoelen,1,0.06955696202531646,47400.0,47400,1.467446456230305e-06,False,low,False,Other,0.027822784810126584
elizabethbrooke__,1,0.06927007299270073,82200.0,82200,8.427016179160672e-07,False,low,False,Other,0.02770802919708029
marqsheino,10,0.02770194986072423,30500.0,76800,7.838047390241376e-07,False,high,False,Other,0.02770194986072423
kat_vt,1,0.0691319857312723,84100.0,84100,8.220212334277324e-07,False,low,False,Other,0.02765279429250892
dutchperformante,1,0.09857533333333333,1500000.0,1500000,6.571688888888889e-08,True,low,False,Proven,0.027601093333333333
maxime_spam1,1,0.13798996655518395,29900000.0,29900000,4.615049048668359e-09,False,low,True,Proven,0.02759799331103679
gabinouvilla,1,0.06890204678362573,684000.0,684000,1.007339865257686e-07,False,low,False,Other,0.027560818713450293
im_vindiesel,1,0.13684293193717278,19100000.0,19100000,7.164551410323183e-09,False,low,True,Proven,0.027368586387434557
sanaelfarah,1,0.06823948364121968,449300.0,449300,1.5187955406458865e-07,False,low,False,Other,0.027295793456487874
dinesh_rox,1,0.06821811544604152,8766.0,8766,7.782125877942223e-06,False,low,False,Other,0.02728724617841661
kateryna_fitlife,1,0.06799681401831939,251100.0,251100,2.7079575475236713e-07,False,low,False,Other,0.027198725607327758
naomihogendoorn,1,0.06794776119402986,80400.0,80400,8.451214078859435e-07,False,low,False,Other,0.027179104477611946
zoebruggeman,1,0.06775556824671616,175100.0,175100,3.869535593758776e-07,False,low,False,Other,0.027102227298686467
quceememepies,1,0.06751133501259446,198500.0,198500,3.401074811717605e-07,False,low,False,Other,0.027004534005037786
politieamsterdam,1,0.06704709660155204,747400.0,747400,8.970711346207124e-08,False,low,False,Other,0.026818838640620818
mr.vigo_,1,0.0668061568061568,207900.0,207900,3.213379355755498e-07,False,low,False,Other,0.02672246272246272
quinten___,1,0.09435801312089973,213400.0,213400,4.4216500993861166e-07,True,low,False,Proven,0.026420243673851925
landonheinberg,1,0.0656268221574344,137200.0,137200,4.783296075614752e-07,False,low,False,Other,0.026250728862973763
pradeepsadaruwan2,1,0.06559585492227979,19300.0,19300,3.398748959703616e-06,False,low,False,Other,0.026238341968911918
himalkekulawala,1,0.06504424778761062,11300.0,11300,5.756128122797399e-06,False,low,False,Other,0.026017699115044247
meneerscholtenendeleeuw,1,0.06501040943789035,144100.0,144100,4.5114787951346533e-07,False,low,False,Other,0.026004163775156144
jufsanne123,1,0.0648473282442748,52400.0,52400,1.2375444321426489e-06,False,low,False,Other,0.025938931297709925
f1evolved,1,0.0645257999423465,346900.0,346900,1.8600691825409773e-07,False,low,False,Other,0.0258103199769386
victoriaolexsa,1,0.06430904522613065,79600.0,79600,8.079025782177217e-07,False,low,False,Other,0.02572361809045226
isa.looy,1,0.06429370629370629,71500.0,71500,8.992126754364515e-07,False,low,False,Other,0.025717482517482515
royofficial_7,1,0.06416083916083916,28600.0,28600,2.243385984644726e-06,False,low,False,Other,0.025664335664335666
stijn_fransen,1,0.06400343642611683,58200.0,58200,1.0997154025105984e-06,False,low,False,Other,0.025601374570446735
lisadewal,1,0.0637037037037037,35100.0,35100,1.814920333438852e-06,False,low,False,Other,0.025481481481481483
jack_biggs,1,0.06361031518624642,34900.0,34900,1.8226451342764018e-06,False,low,False,Other,0.02544412607449857
afr_aa_zz_offical,1,0.0635611510791367,27800.0,27800,2.28637234097614e-06,False,low,False,Other,0.02542446043165468
edithfit_marmol2,1,0.06342741935483871,24800.0,24800,2.557557232049948e-06,False,low,False,Other,0.025370967741935486
augusto.lopes,1,0.06314465408805031,47700.0,47700,1.3237872974434028e-06,False,low,False,Other,0.025257861635220126
feyenoord,1,0.0899126213592233,103000.0,103000,8.729380714487699e-07,True,low,False,Proven,0.02517553398058252
neggachicmodas,1,0.06264179104477612,67000.0,67000,9.349521051459122e-07,False,low,False,Other,0.02505671641791045
manlikejibss,1,0.06263264479546375,246900.0,246900,2.536761636106268e-07,False,low,False,Other,0.025053057918185503
stinaesther,1,0.062490392006149115,130100.0,130100,4.803258417075259e-07,False,low,False,Other,0.024996156802459646
kristengrahamsfb,1,0.062374906646751306,133900.0,133900,4.658320137920187e-07,False,low,False,Other,0.024949962658700524
xhx188,1,0.062140666666666663,1500000.0,1500000,4.142711111111111e-08,False,low,False,Breakout,0.024856266666666668
ivananas_,1,0.06212253829321663,45700.0,45700,1.3593553237027708e-06,False,low,False,Other,0.024849015317286654
esmyesmeralda8,1,0.06207818930041152,48600.0,48600,1.2773289979508543e-06,False,low,False,Other,0.02483127572016461
angi1034,1,0.06179310344827586,72500.0,72500,8.523186682520809e-07,False,low,False,Other,0.024717241379310348
matthamptonpt,1,0.06174535050071531,69900.0,69900,8.833383476497183e-07,False,low,False,Other,0.024698140200286125
jorismolin,1,0.06155367231638418,70800.0,70800,8.694021513613585e-07,False,low,False,Other,0.024621468926553675
cav_z_fitness,1,0.06135782747603834,125200.0,125200,4.900784942175586e-07,False,low,False,Other,0.024543130990415336
helen.c_,1,0.060110837438423645,81200.0,81200,7.402812492416705e-07,False,low,False,Other,0.02404433497536946
hannahlouisewigginton,1,0.06008474576271187,106200.0,106200,5.657697341121645e-07,False,low,False,Other,0.024033898305084747
achi.roffazuid,1,0.059990902888332955,439700.0,439700,1.36435985645515e-07,False,low,False,Other,0.023996361155333185
vooraluwlekkerefilmjos,1,0.05990173410404624,865000.0,865000,6.925055965785693e-08,False,low,False,Other,0.0239606936416185
anishajla,1,0.059836512261580384,36700.0,36700,1.6304226774272583e-06,False,low,False,Other,0.023934604904632156
nardosabrahale,1,0.05978557504873294,51300.0,51300,1.1654108196634102e-06,False,low,False,Other,0.02391423001949318
rayray02020,1,0.05957665169980757,311800.0,311800,1.9107328960810636e-07,False,low,False,Other,0.023830660679923028
marijn.kuipers,2,0.02956031765047616,148050.0,246700,4.419725031390871e-07,False,medium,False,Other,0.02364825412038093
vuilnisboertje,1,0.058771929824561406,102600.0,102600,5.728258267501111e-07,False,low,False,Other,0.023508771929824562
nazkouki,1,0.05817067833698031,914000.0,914000,6.364406820238545e-08,False,low,False,Other,0.023268271334792125
aylaisah,1,0.05723823975720789,65900.0,65900,8.685620600486782e-07,False,low,False,Other,0.022895295902883157
chrisdesneuxjr,1,0.05687418936446174,462600.0,462600,1.229446376231339e-07,False,low,False,Other,0.022749675745784695
josephinekeunex,1,0.05684959349593496,147600.0,147600,3.851598475334347e-07,False,low,False,Other,0.022739837398373985
gamingclips011,1,0.05676616915422886,60300.0,60300,9.413958400369628e-07,False,low,False,Other,0.022706467661691543
sandro.officialnnl,1,0.056590084643289,82700.0,82700,6.84281555541584e-07,False,low,False,Other,0.0226360338573156
shaun.abbate,1,0.05654736842105263,95000.0,95000,5.952354570637119e-07,False,low,False,Other,0.022618947368421054
npo3nl,1,0.05608791208791209,45500.0,45500,1.2327013645694964e-06,False,low,False,Other,0.022435164835164837
kapital88,1,0.055822222222222224,22500.0,22500,2.4809876543209877e-06,False,low,False,Other,0.02232888888888889
jeanetkuiper,2,0.02789065674324113,83450.0,126400,3.0413943789008926e-07,False,medium,False,Other,0.022312525394592907
_tb98_,1,0.05552371541501976,202400.0,202400,2.743266571888328e-07,False,low,False,Other,0.022209486166007906
tegendraats,1,0.055243757431629015,84100.0,84100,6.568817768326875e-07,False,low,False,Other,0.022097502972651607
tamika__braem,1,0.05509569377990431,41800.0,41800,1.318078798562304e-06,False,low,False,Other,0.022038277511961725
youneszarou,1,0.15703425,4000000.0,4000000,3.9258562499999996e-08,True,low,True,Proven,0.021984794999999998
muziekmeestergido,1,0.054952380952380954,42000.0,42000,1.308390022675737e-06,False,low,False,Other,0.021980952380952382
aniquetalkstomuch,1,0.05478082191780822,146000.0,146000,3.752111090260837e-07,False,low,False,Other,0.02191232876712329
newtfedaqw,1,0.0546290395994538,219700.0,219700,2.4865288848181064e-07,False,low,False,Other,0.021851615839781523
christian74kg,1,0.05443686006825939,117200.0,117200,4.6447832822746917e-07,False,low,False,Other,0.021774744027303755
dani.oliveira79,1,0.0542156862745098,51000.0,51000,1.0630526720492119e-06,False,low,False,Other,0.021686274509803923
fl00rsm1t,1,0.05386111111111111,36000.0,36000,1.496141975308642e-06,False,low,False,Other,0.021544444444444446
catocade,1,0.05383420734167003,495800.0,495800,1.085804908061114e-07,False,low,False,Other,0.021533682936668012
angieamberx,1,0.05381263616557734,45900.0,45900,1.1723885874853452e-06,False,low,False,Other,0.021525054466230938
the_object,1,0.10638522427440633,37900000.0,37900000,2.8069980019632277e-09,False,low,True,Proven,0.02127704485488127
brecarperuns,1,0.05312127236580517,50300.0,50300,1.0560889138331048e-06,False,low,False,Other,0.02124850894632207
happykelli,1,0.052678744295394826,723100.0,723100,7.285125749605148e-08,False,low,False,Other,0.02107149771815793
gulys_creaties,1,0.0524829383298176,805900.0,805900,6.512338792631542e-08,False,low,False,Other,0.02099317533192704
claudia1099,1,0.052427817447997516,322100.0,322100,1.6276875954050765e-07,False,low,False,Other,0.020971126979199006
mrsheziii_110,1,0.052226896851878715,6893.0,6893,7.576802096602164e-06,False,low,False,Other,0.020890758740751487
sateejtv,1,0.0520675105485232,47400.0,47400,1.0984706866777046e-06,False,low,False,Other,0.020827004219409282
naughty.fitness,1,0.10390969696969697,3300000.0,3300000,3.1487786960514234e-08,False,low,True,Proven,0.020781939393939394
dedebin,1,0.05193798449612403,25800.0,25800,2.0131001742683733e-06,False,low,False,Other,0.020775193798449613
empera88,1,0.051757322175732215,71700.0,71700,7.218594445708817e-07,False,low,False,Other,0.02070292887029289
godhu93,1,0.05174757281553398,10300.0,10300,5.024036195682911e-06,False,low,False,Other,0.020699029126213592
miniaturwunderland,1,0.10313924050632911,7900000.0,7900000,1.3055600064092293e-08,False,low,True,Proven,0.020627848101265823
myrandatomb,1,0.05154670750382848,65300.0,65300,7.893829633051835e-07,False,low,False,Other,0.020618683001531395
michael2399,1,0.05154351395730706,60900.0,60900,8.463631191676036e-07,False,low,False,Other,0.020617405582922826
moskoman,1,0.05116243264049269,129900.0,129900,3.9386014349878895e-07,False,low,False,Other,0.020464973056197076
rickvanthol,1,0.051065217391304346,92000.0,92000,5.550567107750472e-07,False,low,False,Other,0.02042608695652174
korthom,1,0.07263041666666667,2400000.0,2400000,3.026267361111111e-08,True,low,False,Breakout,0.020336516666666665
imjorgemonjaras,1,0.05081702127659574,117500.0,117500,4.324852874603893e-07,False,low,False,Other,0.020326808510638297
rumeysayurtbay,1,0.05070973348783314,345200.0,345200,1.4689957557309716e-07,False,low,False,Other,0.020283893395133257
lasith000,1,0.05067073170731708,16400.0,16400,3.0896787626412853e-06,False,low,False,Other,0.020268292682926833
tessajaimy,1,0.05028061224489796,39200.0,39200,1.2826686797167847e-06,False,low,False,Other,0.020112244897959184
mikevanmil,1,0.05012600630031502,285700.0,285700,1.754497945408296e-07,False,low,False,Other,0.020050402520126007
jarcage,1,0.049586776859504134,484.0,484,0.00010245201830476061,False,low,False,Other,0.019834710743801654
tajbarkhan008,1,0.04946236559139785,465.0,465,0.00010637067869117817,False,low,False,Other,0.01978494623655914
anukperera3,1,0.04924959216965742,61300.0,61300,8.034191218541178e-07,False,low,False,Other,0.01969983686786297
pien.the.pug,1,0.048893528183716076,95800.0,95800,5.103708578675999e-07,False,low,False,Other,0.01955741127348643
sanne..alise,1,0.04885906040268456,14900.0,14900,3.2791315706499708e-06,False,low,False,Other,0.019543624161073827
lizette.dg,1,0.04882852292020373,58900.0,58900,8.290071803090617e-07,False,low,False,Other,0.019531409168081493
theofficialcasper,1,0.06943992340832934,208900.0,208900,3.3240748400349134e-07,True,low,False,Other,0.019443178554332217
sithumchamikadhi,1,0.04845222072678331,8916.0,8916,5.434300216104005e-06,False,low,False,Other,0.019380888290713327
kallmekris,1,0.13809146341463416,4100000.0,4100000,3.3680844735276623e-08,True,low,True,Proven,0.01933280487804878
majepat,1,0.04825589706933524,139900.0,139900,3.449313586085435e-07,False,low,False,Other,0.019302358827734095
sportplazagroenendaal,1,0.048203333333333334,1200000.0,1200000,4.0169444444444444e-08,False,low,False,Breakout,0.019281333333333334
sampa___,1,0.04801801801801802,22200.0,22200,2.162973784595406e-06,False,low,False,Other,0.01920720720720721
iriswaarbieris,1,0.04788104089219331,107600.0,107600,4.449910863586739e-07,False,low,False,Other,0.019152416356877325
reece.lowery,1,0.04784461152882206,119700.0,119700,3.9970435696593195e-07,False,low,False,Other,0.019137844611528825
abiiiijjjjj,1,0.047809364548494986,119600.0,119600,3.997438507399246e-07,False,low,False,Other,0.019123745819397995
thefitnessguys0,1,0.047587332680378715,306300.0,306300,1.5536184355330955e-07,False,low,False,Other,0.019034933072151487
geer_franciosii,1,0.04734065934065934,45500.0,45500,1.0404540514430625e-06,False,low,False,Other,0.01893626373626374
badmahabdinur,1,0.04646050420168067,297500.0,297500,1.5616976202245605e-07,False,low,False,Other,0.01858420168067227
khanzada3160,1,0.046103896103896105,4620.0,4620,9.979198290886603e-06,False,low,False,Other,0.018441558441558443
orangepotato56,1,0.04608974358974359,46800.0,46800,9.848235809774272e-07,False,low,False,Other,0.018435897435897436
hayhayworkout,1,0.04595774647887324,71000.0,71000,6.472922039277922e-07,False,low,False,Other,0.018383098591549296
tiffintech,1,0.04512770137524558,101800.0,101800,4.4329765594543787e-07,False,low,False,Other,0.01805108055009823
samtaylor_fitness,1,0.04491571506253399,183900.0,183900,2.442398861475475e-07,False,low,False,Other,0.017966286025013597
twanuit,1,0.04473776223776224,57200.0,57200,7.821287104503889e-07,False,low,False,Other,0.0178951048951049
billieeilish,1,0.1269768740031898,250800000.0,250800000,5.062873764082528e-10,True,low,True,Proven,0.017776762360446573
alphamofficial,1,0.04392181818181818,1100000.0,1100000,3.992892561983471e-08,False,low,False,Breakout,0.017568727272727274
tylerandemmaa,1,0.08714452380952381,4200000.0,4200000,2.0748696145124718e-08,False,low,True,Proven,0.017428904761904764
sara_scakes,1,0.04344927536231884,34500.0,34500,1.2593992858643141e-06,False,low,False,Other,0.017379710144927535
joannelopes,1,0.061302380952380955,420000.0,420000,1.4595804988662132e-07,True,low,False,Other,0.01716466666666667
philip2021_oe,1,0.08576805555555556,3600000.0,3600000,2.382445987654321e-08,False,low,True,Breakout,0.017153611111111113
levyvanwilgen,1,0.0611983375663819,433100.0,433100,1.4130301908654328e-07,True,low,False,Other,0.01713553451858693
feestiom,1,0.04281047619047619,2100000.0,2100000,2.03859410430839e-08,False,low,False,Breakout,0.017124190476190477
jovieshome,1,0.04273041474654378,86800.0,86800,4.922858841767716e-07,False,low,False,Other,0.017092165898617513
shahrukh86786,1,0.04211750305997552,81700.0,81700,5.155141133411936e-07,False,low,False,Other,0.01684700122399021
sport.vids09,1,0.04153166207795972,690100.0,690100,6.018209256333825e-08,False,low,False,Other,0.01661266483118389
spencerx,1,0.11801793721973095,44600000.0,44600000,2.6461420901284964e-09,True,low,True,Proven,0.01652251121076233
patries_1983,1,0.04123499142367067,116600.0,116600,3.536448664122699e-07,False,low,False,Other,0.016493996569468268
jonahmadlibsbolona,1,0.08245306451612903,6200000.0,6200000,1.32988813735692e-08,False,low,True,Breakout,0.01649061290322581
whassup_bro,1,0.04103260869565217,92000.0,92000,4.4600661625708886e-07,False,low,False,Other,0.01641304347826087
gamerlings,1,0.041031390134529146,44600.0,44600,9.199863258863038e-07,False,low,False,Other,0.01641255605381166
lvl.up.martial.arts,1,0.08183168316831683,50500000.0,50500000,1.6204293696696402e-09,False,low,True,Breakout,0.016366336633663367
whomustafa5,1,0.040736896730669436,3854.0,3854,1.0570030288186154e-05,False,low,False,Other,0.016294758692267774
goofyqueen_kanita,1,0.08130327272727272,5500000.0,5500000,1.4782413223140496e-08,False,low,True,Breakout,0.016260654545454545
marcelschaap,1,0.04047197640117994,67800.0,67800,5.969318053271378e-07,False,low,False,Other,0.01618879056047198
coles76,1,0.040459016393442626,122000.0,122000,3.3163128191346415e-07,False,low,False,Other,0.01618360655737705
fayeekragtx,1,0.04006529411764706,1700000.0,1700000,2.3567820069204152e-08,False,low,False,Breakout,0.016026117647058826
robinvanroekel98,1,0.03989473684210526,114000.0,114000,3.4995383194829177e-07,False,low,False,Other,0.015957894736842105
wizartgang4live,1,0.039881305637982194,33700.0,33700,1.183421532284338e-06,False,low,False,Other,0.015952522255192877
sterkindekeuken.nl,1,0.03981331168831169,246400.0,246400,1.615799987350312e-07,False,low,False,Other,0.015925324675324676
kevin.verenice,1,0.07952419354838709,3100000.0,3100000,2.565296566077003e-08,False,low,True,Breakout,0.01590483870967742
baasirr93,1,0.03934977578475336,44600.0,44600,8.822819682680126e-07,False,low,False,Other,0.015739910313901345
bas2502,1,0.039258426966292136,44500.0,44500,8.822118419391491e-07,False,low,False,Other,0.015703370786516856
doortjevdelzen,1,0.03921485660554772,212700.0,212700,1.8436697980981533e-07,False,low,False,Other,0.01568594264221909
sumalichathu95,1,0.03921052631578947,11400.0,11400,3.4395198522622345e-06,False,low,False,Other,0.01568421052631579
colin13taylor,1,0.03894171779141104,65200.0,65200,5.972656102977153e-07,False,low,False,Other,0.015576687116564417
waaromjaron,1,0.0778325,4400000.0,4400000,1.7689204545454545e-08,False,low,True,Breakout,0.0155665
veratemmerman,1,0.038797678275290216,120600.0,120600,3.2170545833573975e-07,False,low,False,Other,0.015519071310116088
danny07251,1,0.038656542056074765,171200.0,171200,2.2579755873875446e-07,False,low,False,Other,0.015462616822429907
keej4y,1,0.03861607142857143,44800.0,44800,8.619658801020409e-07,False,low,False,Other,0.015446428571428573
blackztoplasith2,1,0.038242811501597446,31300.0,31300,1.2218150639488001e-06,False,low,False,Other,0.015297124600638978
daniquekrommenhoe,1,0.037843551797040166,47300.0,47300,8.000750908465151e-07,False,low,False,Other,0.015137420718816068
estellehagen,1,0.0378234398782344,65700.0,65700,5.756992371116347e-07,False,low,False,Other,0.015129375951293761
xliefsjoy,1,0.03776173285198556,27700.0,27700,1.3632394531402729e-06,False,low,False,Other,0.015104693140794224
gabriella.dejonge,1,0.03744319198425479,558900.0,558900,6.699443904858613e-08,False,low,False,Other,0.014977276793701916
balmania,1,0.037399473684210524,1900000.0,1900000,1.9683933518005538e-08,False,low,False,Breakout,0.014959789473684211
patataslays2,1,0.03704081632653061,49000.0,49000,7.559350270720533e-07,False,low,False,Other,0.014816326530612246
chumakova_hefesto,1,0.05280259641084383,785700.0,785700,6.720452642337257e-08,True,low,False,Other,0.014784726995036272
eefje.vz,1,0.036761363636363634,35200.0,35200,1.0443569214876032e-06,False,low,False,Other,0.014704545454545455
finnsreality,1,0.05220847790013577,662900.0,662900,7.87576978430167e-08,True,low,False,Other,0.014618373812038014
dominiqueifte,1,0.03654545454545455,44000.0,44000,8.305785123966942e-07,False,low,False,Other,0.01461818181818182
bulldoguitass,1,0.03625,83200.0,83200,4.3569711538461535e-07,False,low,False,Other,0.014499999999999999
pizza_metananas,1,0.035868347338935576,71400.0,71400,5.02357805867445e-07,False,low,False,Other,0.01434733893557423
salvatore.ln,1,0.03554748603351955,179000.0,179000,1.985893074498299e-07,False,low,False,Other,0.01421899441340782
chloedrommel,1,0.035506329113924054,63200.0,63200,5.618090049671527e-07,False,low,False,Other,0.014202531645569623
zayn_inzi,1,0.10111553784860558,25100000.0,25100000,4.02850748400819e-09,True,low,True,Proven,0.01415617529880478
bikstats,1,0.03531215772179628,91300.0,91300,3.8677062126830535e-07,False,low,False,Other,0.014124863088718513
canonroeder,1,0.03530011325028313,88300.0,88300,3.997747819964114e-07,False,low,False,Other,0.014120045300113251
enzoknol,1,0.10062428571428571,2800000.0,2800000,3.593724489795918e-08,True,low,True,Proven,0.014087399999999998
lilydreamb,1,0.06993478260869565,4600000.0,4600000,1.5203213610586012e-08,False,low,True,Breakout,0.013986956521739131
deensupermarkten,1,0.03492718446601942,41200.0,41200,8.477471957771704e-07,False,low,False,Other,0.013970873786407767
livia_alagoana,1,0.03482915717539863,43900.0,43900,7.93374878710675e-07,False,low,False,Other,0.013931662870159454
ninadewilde1,1,0.03457425742574258,50500.0,50500,6.846387609057936e-07,False,low,False,Other,0.013829702970297031
rayhethertje,1,0.034305555555555554,64800.0,64800,5.294067215363511e-07,False,low,False,Other,0.013722222222222222
matizevanwersch,1,0.034210526315789476,32300.0,32300,1.0591494215414698e-06,False,low,False,Other,0.013684210526315792
ajaxesports,1,0.048795185185185184,2700000.0,2700000,1.8072290809327846e-08,True,low,False,Breakout,0.01366265185185185
gazanmusic,1,0.06770805555555555,7200000.0,7200000,9.403896604938271e-09,False,low,True,Breakout,0.01354161111111111
nietsaterbraak,1,0.03360587002096436,95400.0,95400,3.5226278847971024e-07,False,low,False,Other,0.013442348008385743
shanikasadanjana,1,0.0334640522875817,15300.0,15300,2.18719295997266e-06,False,low,False,Other,0.013385620915032682
matheus__36,1,0.03331259720062208,64300.0,64300,5.180808273813699e-07,False,low,False,Other,0.013325038880248833
officialjesuschrist0,1,0.03329284750337382,148200.0,148200,2.2464809381493808e-07,False,low,False,Other,0.01331713900134953
jetdealmachtigekroket,1,0.03316037735849057,127200.0,127200,2.6069479055417115e-07,False,low,False,Other,0.013264150943396228
nuri100100,1,0.06626046511627907,12900000.0,12900000,5.136470164052641e-09,False,low,True,Breakout,0.013252093023255815
kieranwyndavies,1,0.03306930693069307,20200.0,20200,1.637094402509558e-06,False,low,False,Other,0.013227722772277229
adkonings,1,0.03289473684210526,49400.0,49400,6.658853611762199e-07,False,low,False,Other,0.013157894736842105
coach_piyushh,1,0.032892156862745096,20400.0,20400,1.6123606305267204e-06,False,low,False,Other,0.013156862745098039
you1stlondon,1,0.0936979104477612,6700000.0,6700000,1.3984762753397193e-08,True,low,True,Proven,0.013117707462686569
mangomyrthe,1,0.03250606305578011,494800.0,494800,6.569535783302366e-08,False,low,False,Other,0.013002425222312045
jackeyephone,1,0.06433986928104575,15300000.0,15300000,4.205220214447435e-09,False,low,True,Breakout,0.01286797385620915
raet68,1,0.03194891201513718,105700.0,105700,3.02260283965347e-07,False,low,False,Other,0.012779564806054872
otterworldly,1,0.03145518044237485,85900.0,85900,3.6618370712892727e-07,False,low,False,Other,0.01258207217694994
shanjan760,1,0.0314257360238174,6046.0,6046,5.197773077045551e-06,False,low,False,Other,0.012570294409526962
ramonadominique,1,0.031176673567977917,289800.0,289800,1.0757996400268432e-07,False,low,False,Other,0.012470669427191168
f1memesss,1,0.030904615384615385,1300000.0,1300000,2.3772781065088758e-08,False,low,False,Breakout,0.012361846153846154
mihalceaanisoara,1,0.03079111111111111,1800000.0,1800000,1.7106172839506172e-08,False,low,False,Breakout,0.012316444444444444
bigbendstrength,1,0.030715447154471543,61500.0,61500,4.994381651133584e-07,False,low,False,Other,0.012286178861788618
ditisbella,1,0.030543478260869564,46000.0,46000,6.639886578449905e-07,False,low,False,Other,0.012217391304347826
ekogr,1,0.030506430868167202,124400.0,124400,2.45228543956328e-07,False,low,False,Other,0.012202572347266882
ladbabyofficial,1,0.08707067567567568,7400000.0,7400000,1.1766307523739958e-08,True,low,True,Proven,0.012189894594594596
johna131,1,0.060194444444444446,3600000.0,3600000,1.672067901234568e-08,False,low,True,Breakout,0.01203888888888889
detwensechicks,1,0.029440993788819876,64400.0,64400,4.5715828864627135e-07,False,low,False,Other,0.011776397515527951
roci11momo,1,0.028997555012224938,81800.0,81800,3.5449333755776207e-07,False,low,False,Other,0.011599022004889976
anoukjosedrayer,1,0.0288283378746594,36700.0,36700,7.855132935874496e-07,False,low,False,Other,0.01153133514986376
racheljohnie,1,0.02877697841726619,55600.0,55600,5.175715542673775e-07,False,low,False,Other,0.011510791366906477
ashena501,1,0.02790625,32000.0,32000,8.720703125e-07,False,low,False,Other,0.0111625
missmar29plus10,1,0.027688022284122562,35900.0,35900,7.712541026217984e-07,False,low,False,Other,0.011075208913649026
xleona_xx,1,0.02728813559322034,70800.0,70800,3.854256439720387e-07,False,low,False,Other,0.010915254237288136
googlemaps696,1,0.02708124373119358,99700.0,99700,2.71627319269745e-07,False,low,False,Other,0.010832497492477432
farhadpaz,1,0.027064650677789365,383600.0,383600,7.055435526013912e-08,False,low,False,Other,0.010825860271115748
chasexlexie,1,0.027023809523809523,92400.0,92400,2.924654710368996e-07,False,low,False,Other,0.01080952380952381
jeffviolette,1,0.026852409638554217,66400.0,66400,4.0440375961678035e-07,False,low,False,Other,0.010740963855421688
vegantrev,1,0.02634069400630915,31700.0,31700,8.30936719441929e-07,False,low,False,Other,0.01053627760252366
x.maruska0475,1,0.02626984126984127,50400.0,50400,5.212270093222475e-07,False,low,False,Other,0.010507936507936508
anasiyer,1,0.0259915164369035,94300.0,94300,2.7562583708275186e-07,False,low,False,Other,0.010396606574761401
sonnelebensfroh,1,0.05189189189189189,11100000.0,11100000,4.674945215485756e-09,False,low,True,Breakout,0.010378378378378378
lucasfroes5,1,0.025844357976653697,128500.0,128500,2.01123408378628e-07,False,low,False,Other,0.01033774319066148
tomekkozera,1,0.025652864297056308,818700.0,818700,3.133365615861281e-08,False,low,False,Other,0.010261145718822523
zl15_,1,0.025601659751037346,96400.0,96400,2.65577383309516e-07,False,low,False,Other,0.01024066390041494
blogmamanl,1,0.025261324041811847,57400.0,57400,4.400927533416698e-07,False,low,False,Other,0.01010452961672474
quincyhoonakker_,1,0.025214384508990318,72300.0,72300,3.4874667370664343e-07,False,low,False,Other,0.010085753803596128
djamilacelina,1,0.035369369369369366,166500.0,166500,2.1242864486107726e-07,True,low,False,Other,0.009903423423423423
jamiladil,1,0.024545454545454544,27500.0,27500,8.925619834710743e-07,False,low,False,Other,0.009818181818181818
mstar.ink,1,0.02452966101694915,236000.0,236000,1.0393924159724217e-07,False,low,False,Other,0.009811864406779662
allwweclips,1,0.02438926174496644,74500.0,74500,3.2737264087203275e-07,False,low,False,Other,0.009755704697986577
formula1update,1,0.024158249158249157,59400.0,59400,4.0670453128365586e-07,False,low,False,Other,0.009663299663299664
marc.koolen,1,0.023895833333333335,48000.0,48000,4.978298611111112e-07,False,low,False,Other,0.009558333333333335
vv.dem.vv,1,0.023773584905660377,10600.0,10600,2.2427910288358847e-06,False,low,False,Other,0.009509433962264151
jessstjohn_,1,0.023667041619797526,88900.0,88900,2.662209406051465e-07,False,low,False,Other,0.009466816647919011
madison_lippy,1,0.023502890173410406,86500.0,86500,2.717097129874035e-07,False,low,False,Other,0.009401156069364163
arielly.hillary,1,0.023209876543209877,48600.0,48600,4.775694761977341e-07,False,low,False,Other,0.00928395061728395
janaweisxo,1,0.023071528751753157,71300.0,71300,3.235838534607736e-07,False,low,False,Other,0.009228611500701263
noortjedomoortje,1,0.022841225626740947,35900.0,35900,6.362458391849846e-07,False,low,False,Other,0.00913649025069638
jackbobo8,1,0.02278996865203762,31900.0,31900,7.144190800011792e-07,False,low,False,Other,0.009115987460815048
news1st,1,0.032325581395348836,25800.0,25800,1.2529295114476293e-06,True,low,False,Other,0.009051162790697674
dilmerval,1,0.022574665293511844,97100.0,97100,2.3248882897540518e-07,False,low,False,Other,0.009029866117404738
vedatcamoglu06,1,0.021934117647058823,1700000.0,1700000,1.290242214532872e-08,False,low,False,Breakout,0.00877364705882353
julyaimee,1,0.02190779014308426,62900.0,62900,3.482955507644556e-07,False,low,False,Other,0.008763116057233704
debuffel,1,0.02172645739910314,44600.0,44600,4.871403004283215e-07,False,low,False,Other,0.008690582959641256
marcusstone_fitness,1,0.021675977653631284,35800.0,35800,6.05474236134952e-07,False,low,False,Other,0.008670391061452514
sportpoeder,1,0.021664275466284074,69700.0,69700,3.108217427013497e-07,False,low,False,Other,0.00866571018651363
bgjfit,1,0.021513083048919225,87900.0,87900,2.4474497211512204e-07,False,low,False,Other,0.00860523321956769
lia.lewis,1,0.06131076086956522,9200000.0,9200000,6.664213137996219e-09,True,low,True,Breakout,0.00858350652173913
smiithdefortal,1,0.021352785145888595,37700.0,37700,5.663868738962492e-07,False,low,False,Other,0.00854111405835544
daan_tjuuuh,1,0.02083408884859474,110300.0,110300,1.8888566499179274e-07,False,low,False,Other,0.008333635539437896
wpsj2,1,0.020212833044300806,634300.0,634300,3.186636141305503e-08,False,low,False,Other,0.008085133217720322
fortunanius,1,0.01992578849721707,215600.0,215600,9.242016928208288e-08,False,low,False,Other,0.007970315398886828
nataneschorsch,1,0.01953623188405797,34500.0,34500,5.6626759084226e-07,False,low,False,Other,0.00781449275362319
eduardofilipe.coaching,1,0.01949404761904762,33600.0,33600,5.801799886621315e-07,False,low,False,Other,0.007797619047619048
nadine.j,1,0.019417040358744395,89200.0,89200,2.1767982464960084e-07,False,low,False,Other,0.007766816143497758
celinedept,1,0.055344186046511624,64500000.0,64500000,8.580493960699476e-10,True,low,True,Breakout,0.007748186046511627
jessicabruintjes,1,0.018432671081677704,45300.0,45300,4.069022313836138e-07,False,low,False,Other,0.007373068432671082
marienvsteenberguh,1,0.018239700374531834,106800.0,106800,1.707837113720209e-07,False,low,False,Other,0.007295880149812734
zubair_rajput1,1,0.01803979914450437,5377.0,5377,3.3549933316913463e-06,False,low,False,Other,0.007215919657801748
mrsgiacalone,1,0.03605428571428571,3500000.0,3500000,1.0301224489795918e-08,False,low,True,Breakout,0.007210857142857143
horsetrainer3,1,0.034515128205128205,3900000.0,3900000,8.850032873109796e-09,False,low,True,Breakout,0.0069030256410256416
eric010100101,1,0.01715725806451613,49600.0,49600,3.459124609781478e-07,False,low,False,Other,0.006862903225806453
matthijs_p,1,0.016376237623762377,50500.0,50500,3.242819331438094e-07,False,low,False,Other,0.006550495049504951
lifewithvesper,1,0.01628440366972477,43600.0,43600,3.7349549701203605e-07,False,low,False,Other,0.006513761467889909
gregkrucialcarney,1,0.01605828220858896,65200.0,65200,2.462926719108736e-07,False,low,False,Other,0.006423312883435584
falo_murillo,1,0.016001155735336607,346100.0,346100,4.6232752774737376e-08,False,low,False,Other,0.006400462294134643
zow3y101,1,0.015826972010178117,157200.0,157200,1.0068048352530608e-07,False,low,False,Other,0.0063307888040712475
exercisebrothers,1,0.015222761358623731,226700.0,226700,6.71493663812251e-08,False,low,False,Other,0.006089104543449493
kamalmordi,1,0.015162790697674419,107500.0,107500,1.4104921579232017e-07,False,low,False,Other,0.006065116279069768
dantedejong1,1,0.015099255583126551,80600.0,80600,1.8733567721000683e-07,False,low,False,Other,0.006039702233250621
deltabolic,1,0.029843235294117646,3400000.0,3400000,8.777422145328719e-09,False,low,True,Breakout,0.00596864705882353
jackblees,1,0.02887330357142857,11200000.0,11200000,2.5779735331632654e-09,False,low,True,Breakout,0.005774660714285715
bibi_305_786,1,0.027970714285714286,2800000.0,2800000,9.989540816326532e-09,False,low,True,Breakout,0.005594142857142857
laykron,1,0.0132804,2500000.0,2500000,5.3121599999999996e-09,False,low,False,Breakout,0.00531216
hippeuutzutphen,1,0.013033459595959597,316800.0,316800,4.114097094684216e-08,False,low,False,Other,0.005213383838383839
jpk_automotive_youtube,1,0.012544303797468355,79000.0,79000,1.587886556641564e-07,False,low,False,Other,0.005017721518987342
toolstour,1,0.02443767441860465,21500000.0,21500000,1.1366360194699838e-09,False,low,True,Breakout,0.0048875348837209304
ariega_on_the_beats,1,0.011640543364681295,191400.0,191400,6.08178859178751e-08,False,low,False,Other,0.004656217345872518
ishaqqureshi64,1,0.011525023607176582,211800.0,211800,5.441465348053155e-08,False,low,False,Other,0.004610009442870633
wegmarkering,1,0.011453277545327755,358500.0,358500,3.1947775579714796e-08,False,low,False,Other,0.004581311018131102
gorang530,1,0.01053295932678822,142600.0,142600,7.386366989332552e-08,False,low,False,Other,0.004213183730715288
baileydoesfitness4,1,0.009766355140186915,85600.0,85600,1.1409293388068826e-07,False,low,False,Other,0.003906542056074766
vlogdad,1,0.008831936914736323,202900.0,202900,4.352852101890746e-08,False,low,False,Other,0.0035327747658945295
jufashley,1,0.008627450980392156,81600.0,81600,1.0572856593617839e-07,False,low,False,Other,0.0034509803921568627
shineadpond1,1,0.008054711246200608,65800.0,65800,1.2241202501824632e-07,False,low,False,Other,0.003221884498480243
jantt7,1,0.007860780984719864,58900.0,58900,1.3345977902750194e-07,False,low,False,Other,0.003144312393887946
mrp_loco,1,0.007369727047146402,40300.0,40300,1.8287163888700748e-07,False,low,False,Other,0.0029478908188585607
williamvangemert,1,0.013938783783783784,7400000.0,7400000,1.883619430241052e-09,False,low,True,Breakout,0.002787756756756757
rebeka0730,1,0.006959211732355637,436400.0,436400,1.5946864647927675e-08,False,low,False,Other,0.002783684692942255
ryanngoldsdointhings,1,0.005850768842954374,396700.0,396700,1.474859804122605e-08,False,low,False,Other,0.00234030753718175
battlefieldclip,1,0.0057748344370860925,226500.0,226500,2.5495957779629548e-08,False,low,False,Other,0.002309933774834437
mahmoudzin6,1,0.005059285714285714,1400000.0,1400000,3.6137755102040815e-09,False,low,False,Breakout,0.002023714285714286
hindtje27,1,0.005042405551272167,259400.0,259400,1.943872610359355e-08,False,low,False,Other,0.0020169622205088666
agnesbraham,1,0.004855491329479769,51900.0,51900,9.355474623275085e-08,False,low,False,Other,0.0019421965317919076
sashley045,1,0.004448979591836735,49000.0,49000,9.079550187421907e-08,False,low,False,Other,0.001779591836734694
milanvannleeuwen,1,0.0037138263665594854,62200.0,62200,5.970781939806247e-08,False,low,False,Other,0.0014855305466237943
denhaag07076,1,0.0035408823529411763,3400000.0,3400000,1.0414359861591694e-09,False,low,True,Breakout,0.0007081764705882353
